id,domain,status,purchase_price,renewal_price,attractiveness,demand,length,registrar,created_at,expires_at,status_verified_at
e73fded9-01cb-40c3-b56c-7ece033f1013,villa.land,premium,414.2,414.2,high,low,5,spaceship,,,29/09/2026 00:41
e9393909-d624-41d3-b241-f7b676f34d36,nonresident.land,available,5.38,33.32,medium,low,12,spaceship,,,30/09/2026 14:39
414a1a96-5bd9-41ea-ad9c-29abbd83e7fe,obedience.land,available,8.78,34.46,high,low,9,dynadot,,,29/09/2026 13:35
56d3b9bf-7881-4319-8f12-59cac1b4fd42,unaged.land,available,5.98,54.98,medium,low,6,namecheap,,,12/09/2026 00:11
89192161-f7e6-4225-8494-74aeb8734ba3,synchronal.land,available,5.98,54.98,medium,low,10,namecheap,,,11/09/2026 06:13
47a50aff-e9c1-4dbb-bea6-841217d5d7d6,iain.land,available,5.38,33.32,medium,low,4,spaceship,,,29/09/2026 15:22
f0fbcdd8-7749-4f08-8a7d-41832ebb382b,dandified.land,available,15.99,52.99,medium,low,9,name.com,,,13/08/2026 17:01
fb621aaa-5515-420b-b4b5-0bb4809681a9,stupefy.land,available,15.99,41.99,medium,low,7,namesilo,,,21/09/2026 17:33
db2b5f6c-9b15-486c-a09c-ea9807c75e3a,untapped.land,available,5.98,54.98,medium,low,8,namecheap,,,12/09/2026 21:02
c302ea76-c3c2-426b-bcda-2c73c5903251,isosceles.land,available,5.98,54.98,medium,low,9,namecheap,,,22/08/2026 11:16
0e5ace80-b212-4da4-a956-596b76752747,adulteress.land,available,15.99,41.99,medium,low,10,namesilo,,,17/09/2026 10:20
410622e2-e502-4048-a534-8604a4624642,centerville.land,available,5.38,33.32,medium,low,11,spaceship,,,30/09/2026 22:06
c3ac1274-b1cc-432b-9c8a-ac86bc523c22,alexandra.land,available,5.98,54.98,medium,low,9,namecheap,,,27/09/2026 02:30
61eb820f-ed7f-4118-b2bb-ce3148afe712,mainly.land,available,15.99,41.99,medium,low,6,namesilo,,,28/09/2026 13:52
d728a2b4-0d3f-4154-a8ce-e7528e6ae6d8,industries.land,premium,99.5,,medium,low,10,unstoppable,,,30/09/2026 14:25
94ee0c92-1922-4062-a341-7466232a1059,stalin.land,available,5.38,33.32,medium,low,6,spaceship,,,29/09/2026 13:10
d274200b-2c08-4604-bb6c-3e21eb230c79,hsv.land,available,15.99,41.99,high,low,3,namesilo,,,30/09/2026 23:44
47637af6-e637-464d-91ef-b2a62c4e3d1c,embarrass.land,available,15,,medium,low,9,unstoppable,,,29/09/2026 11:42
964ff41d-6485-400b-be93-9e7d7ac705a9,grabby.land,available,5.98,54.98,medium,low,6,namecheap,,,07/08/2026 21:58
35923942-4988-4268-86ec-552e9514a6c2,refractory.land,available,5.98,54.98,medium,low,10,namecheap,,,18/08/2026 13:55
e167fa93-73ef-4da2-95ba-f866b3810dd6,bullheaded.land,available,5.98,54.98,medium,low,10,namecheap,,,11/08/2026 08:30
dbf476a2-d48b-4e5f-bb86-1afd31084284,italian.land,premium,118.8,118.8,high,low,7,namesilo,,,22/08/2026 11:36
bb108b03-a325-4f0e-aaf8-4e2a7faf1515,jerk.land,available,15.99,41.99,high,low,4,namesilo,,,25/09/2026 11:41
0ce00a23-c457-4300-b05e-6e17d6d8d169,producing.land,available,19.99,,high,low,9,name.com,,,
b0c1b1c5-c1e3-4c34-a89b-affd56b2b77e,amniota.land,available,15.99,41.99,medium,low,7,namesilo,,,18/09/2026 22:27
161eb058-a665-4580-9de2-1877fe440511,madeleine.land,available,8.78,34.46,high,low,9,dynadot,,,29/09/2026 14:18
b0792ec3-0c6f-456e-85c6-11c447d3b239,seems.land,available,15.99,41.99,medium,low,5,namesilo,,,18/09/2026 01:08
665f7dda-d267-4ef7-a5a6-6dd0553f4e9d,bessarabia.land,available,5.38,33.32,medium,low,10,spaceship,,,30/09/2026 21:27
5df5ffe5-a9c1-46a1-9de1-b536199063d7,withdrawing.land,available,32.2,32.2,medium,low,11,cloudflare,,,29/09/2026 21:24
a95a9ca1-1ac1-48f4-9f0a-cbaf27aaad7e,tantrik.land,available,5.98,54.98,medium,low,7,namecheap,,,11/09/2026 08:07
f7cfb380-7755-442c-b960-637f04203398,tires.land,premium,128.7,128.7,medium,low,5,namecheap,,,27/09/2026 10:07
8ce44585-5c50-4e3e-b27d-d031b8c85583,paniculate.land,available,5.98,54.98,medium,low,10,namecheap,,,05/09/2026 01:01
bf02495e-8f53-4a9f-baf0-d8d097bddcff,rechargeable.land,available,15,,high,low,12,unstoppable,,,01/10/2026 05:50
e9533511-fe21-4c34-addd-0bef81e06984,ampulla.land,available,15.99,52.99,medium,low,7,name.com,,,18/09/2026 23:51
2b30e834-a3d3-4e0b-9111-cf4a206e787e,blackberry.land,available,15.99,41.99,high,low,10,namesilo,,,24/09/2026 02:06
9503122d-8d33-4f5d-98ec-9d8d02610151,alosa.land,available,5.98,54.98,medium,low,5,namecheap,,,18/09/2026 13:26
c5473aea-e15b-4a83-b329-9f9933b0eaa2,vexatious.land,available,5.98,54.98,medium,low,9,namecheap,,,
8f117b9c-023c-4bd5-9d65-ca3438a9cdee,warwick.land,available,15.99,41.99,high,low,7,namesilo,,,25/09/2026 05:09
e57f32d1-84e7-4d89-9aad-f621fb8c58f6,barany.land,available,15.99,41.99,medium,low,6,namesilo,,,22/09/2026 04:13
e26a1b61-a103-4b99-be46-8ab49c39cad7,lid.land,premium,118.8,118.8,high,low,3,namesilo,,,24/09/2026 13:43
a5370777-03be-4b39-bb0d-7294309ae673,list.land,resell,,,high,low,4,101domain GRS Limited,07/03/2016 09:54,07/03/2027 09:54,26/09/2026 07:16
ca2fbf2d-4ec1-46f1-9504-f766e8246b8d,imaginative.land,available,8.78,34.46,high,low,11,dynadot,,,29/09/2026 08:34
571bba49-07ab-4fae-a15e-6942f3c1248f,gunn.land,available,15.99,41.99,medium,low,4,namesilo,,,27/09/2026 01:35
e8ab3016-775d-48cd-8a24-ef0199442ab5,locomote.land,available,5.98,54.98,high,low,8,namecheap,,,20/08/2026 15:49
eba44752-4ce3-418b-ba62-0ffe7ce9d4a7,ibrahim.land,available,15.99,41.99,high,low,7,namesilo,,,16/09/2026 16:51
eafe409e-7c70-42d2-9b1c-e76c128aa403,aluminous.land,available,5.98,54.98,medium,low,9,namecheap,,,
b67ddcad-38ce-4f02-a0f9-7604f1403f77,snicker.land,available,5.98,54.98,medium,low,7,namecheap,,,30/09/2026 11:19
f515eb02-6995-47d3-9835-9d2b229e991e,adding.land,available,19.99,,high,low,6,name.com,,,
a0fd93e2-7109-4e0d-81cc-8fba4353856d,athanor.land,available,5.98,54.98,medium,low,7,namecheap,,,20/09/2026 20:28
7c4e4ed1-7cb9-4c5e-9f1c-6baa882728e3,nonwhite.land,available,15.99,52.99,medium,low,9,name.com,,,13/08/2026 18:06
aaf56c85-bb7d-4e5f-8e5f-e55a3947c318,symbiotic.land,available,5.98,54.98,high,low,9,namecheap,,,11/09/2026 06:01
a4467fa2-14b2-4761-91eb-b6c38d59ac65,pickering.land,available,8.75,33.47,high,low,9,porkbun,,,30/09/2026 16:16
2c81f3e9-ad48-48e9-84b0-40affe9f34cd,checkup.land,available,5.98,54.98,high,low,7,namecheap,,,24/08/2026 18:57
51ee70f0-fd38-4638-8543-47c58855f787,applicants.land,available,15,,medium,low,10,unstoppable,,,30/09/2026 16:22
f2e7b160-3a91-40e5-9d9e-4ef17118a8af,macmillan.land,available,15.99,41.99,high,low,9,namesilo,,,25/09/2026 12:59
54929825-681a-4707-8925-0f6ac09fab81,explanation.land,available,19.99,,high,low,11,name.com,,,
69d617a4-5d11-4e81-b65b-3beadf112a2c,spunky.land,available,5.98,54.98,high,low,6,namecheap,,,18/08/2026 00:49
8b0b89a4-ef4a-4396-ad29-d2a15a00255f,pauli.land,available,5.38,33.32,high,low,5,spaceship,,,29/09/2026 07:50
8296c654-288c-4caa-9c8e-1785b48b239f,contiguity.land,available,15.99,41.99,medium,low,10,namesilo,,,17/09/2026 08:24
a8e17090-eaf6-4367-a4ef-023891991166,espn.land,available,5.38,33.32,high,low,4,spaceship,,,28/09/2026 08:02
5b66b5bf-efb3-47d3-8197-0d5ecb3facb9,inclination.land,available,32.2,32.2,high,low,11,cloudflare,,,30/09/2026 22:34
8e29f604-3b13-464b-ba13-58148ca29f69,trotsky.land,available,15,,medium,low,7,unstoppable,,,28/09/2026 19:41
392ffe8a-3981-4faa-84e8-5e82756110e3,licenced.land,available,15.99,41.99,medium,low,8,namesilo,,,21/09/2026 15:56
582297bb-4f69-4da9-a9d2-d978cc8b4cdc,glasses.land,available,32.2,32.2,high,low,7,cloudflare,,,29/09/2026 18:45
805a031f-766d-4ece-ac32-e7e90351add8,isabel.land,available,5.98,54.98,high,low,6,namecheap,,,28/09/2026 16:24
b8603c84-c8c8-426b-be55-6d2c6e2c800d,saturdays.land,available,5.38,33.32,medium,low,9,spaceship,,,29/09/2026 15:55
e407c968-4193-4192-9e5c-9f4262017445,uncrowned.land,available,5.98,54.98,medium,low,9,namecheap,,,13/08/2026 08:36
92f67766-cfaf-4f55-9730-91538d4be08e,shamed.land,available,5.98,54.98,medium,low,6,namecheap,,,14/08/2026 10:25
4f6cfb15-fb0f-45a5-8932-73736f9b7541,axseed.land,available,15.99,41.99,medium,low,6,namesilo,,,21/09/2026 10:31
f69e18d0-f0c7-4c05-8b59-2e2ba7ea67c9,ascender.land,available,5.98,54.98,high,low,8,namecheap,,,20/09/2026 13:07
d375dbf2-b44b-4945-887e-1e20c605f1c6,nicely.land,available,5.98,54.98,high,low,6,namecheap,,,15/09/2026 16:32
24eb4ae4-afe9-4a8d-a0f7-54014b48f243,motionless.land,available,5.98,54.98,medium,low,10,namecheap,,,25/08/2026 07:28
94fcc7bc-f6fc-4765-8952-fb7e10aba556,endow.land,available,15.99,41.99,high,low,5,namesilo,,,24/09/2026 23:37
7e5230be-b962-4804-8350-e33209b77645,deluge.land,available,15.99,41.99,medium,low,6,namesilo,,,24/09/2026 16:03
5841bdab-778d-4147-ad66-66e420a72135,criticism.land,available,15,,high,low,9,unstoppable,,,29/09/2026 12:07
84044ac8-1830-402b-ab52-b2fd9c15e741,arm.land,premium,242,242,high,medium,3,namesilo,,,28/09/2026 22:04
83ac9521-7fbb-49b0-8b3e-18b757f9b008,polk.land,available,15.99,41.99,high,low,4,namesilo,,,29/09/2026 07:22
8a5ff050-e4ff-43a4-801d-38d27420812c,unresolved.land,available,5.98,54.98,medium,low,10,namecheap,,,14/08/2026 12:57
0a23b261-75d2-44bd-b1f6-72c717f746ac,entrusted.land,available,15,,medium,low,9,unstoppable,,,29/09/2026 16:07
af0bb0c7-29a7-4dde-8701-63655d08b282,decision.land,available,5.98,54.98,high,low,8,namecheap,,,24/09/2026 17:06
f22f4ff4-5c9d-415b-be6d-bfa429602151,modeller.land,available,15.99,41.99,high,low,8,namesilo,,,30/09/2026 04:47
8af207c5-7a3b-40a1-b2a9-cfd4974a0bac,kobe.land,premium,,,high,low,4,,,,28/09/2026 02:14
de22f1e5-9072-4ae9-a0ef-aaa9423a7a15,saipan.land,available,15.99,41.99,medium,low,6,namesilo,,,29/09/2026 08:00
186c2b9d-ec44-4958-844f-97648b13df34,avenged.land,available,5.98,54.98,high,low,7,namecheap,,,07/08/2026 22:35
8b7581ce-e43a-4fc5-b4af-5b914d1d0df8,brittle.land,available,5.98,54.98,medium,low,7,namecheap,,,11/08/2026 03:47
3608090c-5baf-45da-82c0-8cc8306bd5c1,coming.land,available,5.98,54.98,high,low,6,namecheap,,,23/09/2026 15:31
f3dd4738-180c-4668-a329-a256a247650a,biceps.land,available,15.99,41.99,high,low,6,namesilo,,,23/09/2026 13:05
77c71193-5ae8-4e79-b56e-f331b3bfc6c7,swore.land,available,15.99,41.99,medium,low,5,namesilo,,,28/09/2026 04:28
5c022727-177e-4631-830e-e416562342c5,hopeless.land,available,5.98,54.98,medium,low,8,namecheap,,,21/08/2026 13:54
0eb6af42-0da5-4be9-9591-b979b0395885,vans.land,available,15.99,41.99,medium,low,4,namesilo,,,18/09/2026 22:44
b24b02bb-9a30-4594-9a0e-5bd973bbf91e,faustian.land,available,5.98,54.98,medium,low,8,namecheap,,,18/08/2026 00:10
75fb561d-eb41-4507-869f-6e48770fc2af,disparity.land,available,15,,medium,low,9,unstoppable,,,29/09/2026 16:06
d69f7a15-a4b4-4d6c-88b6-83833b0107c1,calder.land,available,5.98,54.98,high,low,6,namecheap,,,18/09/2026 05:48
50357cc2-bb70-49ed-9ac6-fe871d078864,golgi.land,available,15,,high,low,5,unstoppable,,,30/09/2026 00:57
3dbad43d-85c0-4b4f-90b0-59c0ed02e88b,pendant.land,available,5.98,54.98,high,low,7,namecheap,,,08/09/2026 14:12
d818ae4e-ba3c-48cc-8827-6c65f8fbdf98,dukes.land,available,15,,high,low,5,unstoppable,,,29/09/2026 15:43
d2ccd729-6cf3-4a92-9288-e26d7dd64d94,pill.land,available,5.38,33.32,medium,low,4,spaceship,,,28/09/2026 21:31
1fb397ce-d9d5-4b90-bdfd-1630b84e0a22,wedded.land,available,5.98,54.98,high,low,6,namecheap,,,13/09/2026 09:30
a5a694f9-a030-4122-9896-a39e27f791b5,cow.land,resell,,,high,low,3,"GoDaddy.com, LLC",31/05/2025 21:24,31/05/2027 21:24,29/09/2026 11:54
2994d0b2-0760-48b3-a4af-4f8a92ff457c,diagnose.land,available,32.2,32.2,high,low,8,cloudflare,,,30/09/2026 19:11
967103db-b7ad-4d85-9792-05e8daf5a7a6,mortified.land,available,5.98,54.98,medium,low,9,namecheap,,,18/08/2026 20:17
233afb30-31b0-4066-8af5-f353170762a1,fickle.land,available,5.98,54.98,medium,low,6,namecheap,,,17/08/2026 12:48
c70e0582-a40a-4d55-b559-74f6c7325830,urgent.land,available,5.98,54.98,high,low,6,namecheap,,,27/09/2026 06:05
d169a364-3446-4356-8414-7eab8ac8e970,ventilation.land,available,8.78,34.46,medium,low,11,dynadot,,,29/09/2026 04:52
04d8f7a0-da3e-44b6-b906-d2b186f189a3,superficial.land,available,15,,medium,low,11,unstoppable,,,28/09/2026 20:58
f85a42f7-51c0-4506-bf06-cef73269cf8d,grapy.land,available,5.98,54.98,medium,low,5,namecheap,,,20/08/2026 18:07
ab76f1e7-7371-4f51-bfe0-699a5d74c08b,kneeling.land,available,5.38,33.32,high,low,8,spaceship,,,29/09/2026 19:28
e145221e-ad0f-4acf-8fed-564f7a2fee22,voluptuous.land,available,5.98,54.98,high,low,10,namecheap,,,10/08/2026 20:39
fb988358-751d-4410-bddf-780f90547703,swastika.land,available,8.78,34.46,medium,low,8,dynadot,,,29/09/2026 21:59
87b24dcc-75ff-4f6f-8f5b-68c7bb1526d8,gnp.land,premium,,,high,low,3,,,,30/09/2026 01:45
7f51ca98-5458-4da2-aac8-1edb1e793777,eliza.land,available,19.99,,high,low,5,name.com,,,
7d9702df-c915-4061-87b8-3cde164937a0,received.land,available,15.99,41.99,high,low,8,namesilo,,,27/09/2026 10:43
b17e524e-e3f4-4086-b08d-2805bb36d7b7,kidnapping.land,available,15.99,41.99,medium,low,10,namesilo,,,25/09/2026 08:11
b575c808-3fff-41aa-9c43-bfc9cf12d2f9,pizarro.land,available,5.38,33.32,medium,low,7,spaceship,,,30/09/2026 01:41
d0409a5a-f282-4604-8aad-95b376228b3a,bowel.land,available,15.99,41.99,medium,low,5,namesilo,,,29/09/2026 06:08
b73c8e65-e080-40dc-9786-9140c3de49cd,wolfgang.land,available,5.98,54.98,high,low,8,namecheap,,,25/09/2026 15:09
65bfae96-a363-4df8-92e0-f6f5149c07a2,debar.land,available,15.99,52.99,medium,low,5,name.com,,,22/09/2026 03:43
a9928628-4587-4778-9db3-7b16b709e428,fractious.land,available,5.98,54.98,medium,low,9,namecheap,,,18/08/2026 13:53
79748312-04db-4dd7-b011-7435563c37af,backgrounds.land,available,15.99,41.99,medium,low,11,namesilo,,,20/09/2026 22:12
4341ef58-0593-4f21-a52d-db89b81a1774,might.land,available,15,,high,low,5,unstoppable,,,30/09/2026 04:30
9597747f-cd39-4b7d-a853-5ff3a9d0a7db,zealand.land,available,8.75,33.47,medium,low,7,porkbun,,,29/09/2026 02:11
1276bb95-0ef4-4711-90fb-2cacee66f590,strasbourg.land,available,15.99,41.99,medium,low,10,namesilo,,,27/09/2026 15:59
abbd16bc-acc7-4410-ba1e-c84949559f6b,types.land,available,15.99,41.99,high,low,5,namesilo,,,18/09/2026 16:19
3e9cf892-18b3-421f-b872-acf824624e6b,remnant.land,available,5.98,54.98,high,low,7,namecheap,,,22/08/2026 22:50
d5ca8a0c-1ace-4355-a601-c8e6eb1c847d,chose.land,available,15,,high,low,5,unstoppable,,,30/09/2026 22:35
70700ca8-89c0-4ee6-bdcb-efe73f5445da,verbalize.land,available,5.98,54.98,medium,low,9,namecheap,,,13/09/2026 00:14
081fca2d-c502-46d8-a681-91cbd844a300,operative.land,available,5.98,54.98,high,low,9,namecheap,,,04/09/2026 16:29
418fcc3f-d755-4f64-9330-77b89208d1e9,fiendish.land,available,5.98,54.98,medium,low,8,namecheap,,,14/08/2026 01:31
b76ea158-2dfb-4594-8728-91e65e66dc09,giacometti.land,available,15.99,41.99,high,low,10,namesilo,,,18/09/2026 02:46
5e5fa202-d488-4521-89da-8040fdfbee75,fortunes.land,available,15,,medium,low,8,unstoppable,,,29/09/2026 05:22
ea833ad8-9e84-482a-9d9d-8e7a07c0e56c,tiered.land,available,5.98,54.98,medium,low,6,namecheap,,,11/09/2026 15:49
ec89d42d-a0fd-4280-9163-f4f138121478,respectable.land,available,32.2,32.2,high,low,11,cloudflare,,,28/09/2026 11:23
5e91a25a-4176-4402-a732-f8c651745538,alary.land,available,5.98,54.98,medium,low,5,namecheap,,,
bd21d452-0902-482a-8f96-9e1741d37cb7,biddable.land,available,5.98,54.98,medium,low,8,namecheap,,,
36199b9b-3daf-4732-8fd1-1f24658815d3,synchronized.land,available,5.38,33.32,high,low,12,spaceship,,,29/09/2026 21:20
7bebf041-4bff-4bc6-a9a0-70a2d5fdede4,scathing.land,available,5.98,54.98,medium,low,8,namecheap,,,09/09/2026 22:57
c6d767de-39e6-4b34-827f-1cf2b742d900,investigative.land,available,5.98,54.98,high,low,13,namecheap,,,29/09/2026 08:53
defa3be3-2c9c-4087-96b4-574108c46e18,ahmed.land,premium,38.94,38.94,high,low,5,namesilo,,,25/09/2026 14:32
c8c3aea5-1e4f-4d08-bbca-a9d9fc8d2e1d,nineteen.land,available,15.99,41.99,high,low,8,namesilo,,,21/09/2026 12:05
814a6a04-91f5-4ae2-bf5d-49145d8ea3b3,realizes.land,available,5.38,33.32,medium,low,8,spaceship,,,29/09/2026 05:59
6e42b235-a368-4d16-958e-a06ef5d07883,murphy.land,premium,242,242,high,low,6,namesilo,,,25/09/2026 07:49
41255c7f-1ef8-486f-9989-22dd14b69521,chaldean.land,available,5.98,54.98,medium,low,8,namecheap,,,12/08/2026 01:26
fa1017da-78ed-4079-b1a9-234e70b8240d,dismantled.land,available,5.98,54.98,medium,low,10,namecheap,,,14/08/2026 01:22
022941c8-4e5e-48cc-b49b-f51207bb14ed,betimes.land,available,5.98,54.98,medium,low,7,namecheap,,,13/09/2026 23:59
7bc8f545-380f-4ed5-a8c6-df85c8ddb4a5,formalize.land,available,32.2,32.2,high,low,9,cloudflare,,,30/09/2026 19:58
fffd3c57-6774-42bd-9271-9f9ae40f4d95,flecked.land,available,5.98,54.98,medium,low,7,namecheap,,,14/08/2026 16:30
5e9af055-d28e-422d-ae6b-6362162eb1fb,displayed.land,available,15,,medium,low,9,unstoppable,,,28/09/2026 21:19
b494b1ab-f46e-49df-abd9-300d5900bc8a,fannie.land,available,5.38,33.32,medium,low,6,spaceship,,,28/09/2026 12:06
d04dce5c-8d87-4390-954f-2e4af8bf5faf,subscribed.land,available,5.98,54.98,high,low,10,namecheap,,,11/09/2026 00:41
b0fb26c9-fa7b-4792-92d4-204636aea6d8,stingy.land,available,5.98,54.98,medium,low,6,namecheap,,,24/08/2026 18:08
69dfd251-7727-45c1-b397-876e17b937ce,cathodic.land,available,5.98,54.98,medium,low,8,namecheap,,,11/08/2026 21:56
650a7e6a-32dd-4131-b068-2e06612683b1,photograph.land,available,15.99,41.99,high,low,10,namesilo,,,26/09/2026 00:03
3a219392-29c1-4d1a-9e9d-cdb299e6be27,untagged.land,available,5.98,54.98,medium,low,8,namecheap,,,12/09/2026 14:35
6b34cee6-d08c-44a7-81c0-d24ae591a8d2,rumor.land,available,5.98,54.98,high,low,5,namecheap,,,21/08/2026 02:05
58a6b373-ffae-466b-adcb-65550574b929,argal.land,available,15.99,41.99,medium,low,5,namesilo,,,20/09/2026 04:10
e4afe2ef-7b92-4ead-b804-748c16d8cd38,bladed.land,available,5.98,54.98,medium,low,6,namecheap,,,10/08/2026 12:14
077a3ec5-139a-44ae-99d0-8fc9473091c2,lutheran.land,available,5.98,54.98,high,low,8,namecheap,,,24/08/2026 12:23
a21cfd6d-bd4d-4e6a-86fa-1f14c5c66d9c,empiric.land,available,5.98,54.98,medium,low,7,namecheap,,,16/08/2026 18:19
7ba9a6c3-6158-477d-850c-96bfa2242d35,brennan.land,available,15.99,41.99,medium,low,7,namesilo,,,25/09/2026 21:53
ee171cdc-b783-4a79-ad9e-7506bbef687d,elfish.land,available,5.98,54.98,medium,low,6,namecheap,,,16/08/2026 03:41
5e20cfa8-980b-4295-ba74-e352322520e8,lxxxii.land,available,5.98,54.98,medium,low,6,namecheap,,,
472b5a52-ad81-4c87-ad2d-5d5bdfcc56b3,antum.land,available,15.99,41.99,medium,low,5,namesilo,,,19/09/2026 15:47
f264c0ba-96f3-41b4-b8ea-9075b87a4e1e,eleven.land,available,15.99,41.99,high,low,6,namesilo,,,21/09/2026 11:20
e7050ea9-8280-4d68-a593-abb065af3c6e,lighting.land,premium,242,242,high,low,8,namesilo,,,27/09/2026 14:44
cf7adf50-4684-46b5-b89c-66a7702a51bb,seminars.land,available,15.99,41.99,medium,low,8,namesilo,,,30/09/2026 23:46
5a6ef345-3cad-46e3-880a-960d8a4b0f24,hypnagogic.land,available,5.98,54.98,medium,low,10,namecheap,,,21/08/2026 17:03
4002d1c0-6895-46cc-9590-44dbe0bdccd5,gainsborough.land,available,8.75,33.47,medium,low,12,porkbun,,,30/09/2026 12:38
8dc5609f-3597-4024-96f0-3ab71c299287,liquified.land,available,5.98,54.98,medium,low,9,namecheap,,,23/08/2026 22:47
a4325870-11df-4e03-bfc1-3ac894c73333,expires.land,available,15.99,41.99,medium,low,7,namesilo,,,20/09/2026 13:50
4eef0eb7-e4dd-4244-acf4-f0d12e794015,tearing.land,available,5.98,54.98,medium,low,7,namecheap,,,11/09/2026 09:42
11f3fcb3-eb33-4df4-b3e8-83fa4d37a6c4,exams.land,available,8.78,34.46,medium,low,5,dynadot,,,28/09/2026 23:32
2c24c461-ef21-4ad6-9781-c1a64a065a74,assurgent.land,available,5.98,54.98,medium,low,9,namecheap,,,07/08/2026 08:26
f3ec8bfd-9be1-4e39-a3da-ea2e68950cb9,partake.land,available,5.38,33.32,high,low,7,spaceship,,,30/09/2026 11:28
9a0cc63d-5723-46de-aade-f8381afb0142,learnt.land,available,19.99,,medium,low,6,name.com,,,
4719a28b-717d-4966-9012-21356f5f340f,shocking.land,available,5.98,54.98,medium,low,8,namecheap,,,24/09/2026 11:12
a3e23068-5cce-41b6-8e5f-645e2d95c814,webshop.land,available,19.99,,high,low,8,name.com,,,
d4094243-3cf5-43f0-8369-890e82fc2598,batavia.land,available,5.38,33.32,high,low,7,spaceship,,,27/09/2026 18:11
e1d1fce9-6419-4a90-902c-0e3878628011,gratuitous.land,available,5.98,54.98,medium,low,10,namecheap,,,13/08/2026 03:14
525d0ec2-520e-47ac-b8f7-f714d0557452,rita.land,available,5.98,54.98,high,low,4,namecheap,,,25/09/2026 19:01
7f0635ab-41f1-40bb-9ed7-d06bfab2187c,saviour.land,available,15.99,41.99,high,low,7,namesilo,,,24/09/2026 14:50
b9ffc0f2-76b8-442f-96c0-5c5303efe002,gardening.land,available,15.99,41.99,high,low,9,namesilo,,,28/09/2026 14:15
6465893e-3e30-4963-b29d-db42bf498410,baseborn.land,available,5.98,54.98,low,low,8,namecheap,,,08/08/2026 21:34
98865c94-8692-49aa-9dc4-7d8e75ee357b,tactless.land,available,5.98,54.98,medium,low,8,namecheap,,,11/09/2026 07:02
65ba3266-5499-4e97-9676-d7593ba4c7a5,consistent.land,available,5.98,54.98,high,low,10,namecheap,,,12/08/2026 16:01
dde22824-1f3d-4e4b-966f-f4cc0c386a99,coupling.land,available,5.98,54.98,high,low,8,namecheap,,,30/09/2026 16:49
5090d3b2-670a-4d39-bfe1-ea6b01b225ac,facetious.land,available,5.98,54.98,medium,low,9,namecheap,,,08/08/2026 14:39
702b1953-cf0e-4599-94fa-122ba28bee31,homotopy.land,available,19.99,63.99,medium,low,8,godaddy,,,01/10/2026 01:08
7cdc437f-fc9f-40a8-a186-0deb5e2ef7e5,untrustworthy.land,available,19.99,,medium,low,13,name.com,,,
143f15be-d02f-43bd-afd1-cab3611a5bb3,retainer.land,available,15.99,41.99,high,low,8,namesilo,,,30/09/2026 02:42
92a6a73d-285f-4e35-b3c6-acf5e91b40a6,aback.land,available,5.98,54.98,high,low,5,namecheap,,,13/09/2026 16:07
71e73bd2-739d-4210-8345-3bd45e02ac61,orville.land,available,8.75,33.47,medium,low,7,porkbun,,,29/09/2026 09:46
21a4a21c-bbb1-49e0-98df-a1206f7a7cfa,wallpaper.land,premium,34.36,34.36,high,low,9,spaceship,,,29/09/2026 08:18
792ad161-c71f-4006-af12-74f6768fb039,summons.land,available,15.99,41.99,high,low,7,namesilo,,,29/09/2026 08:10
f69c02cc-7e55-4962-a45c-57002c9452ea,helena.land,available,8.78,34.46,high,low,6,dynadot,,,28/09/2026 13:38
68b0abff-5504-42b7-9942-182f332a25e3,astute.land,available,15.99,41.99,high,low,6,namesilo,,,22/09/2026 10:35
4e528e57-c23c-4e45-b76a-eaf2dc20a648,springless.land,available,5.98,54.98,low,low,10,namecheap,,,10/09/2026 16:51
a5511ded-94b7-4281-aa77-500d9b2a499a,stephenson.land,available,15.99,41.99,high,low,10,namesilo,,,25/09/2026 06:30
a4cd7fd1-f820-4eba-8e4a-189149fcd924,crisply.land,available,5.98,54.98,medium,low,7,namecheap,,,14/09/2026 09:37
9aed1bed-da5a-4d2e-bf1e-3d475fb40d49,sexless.land,available,5.98,54.98,medium,low,7,namecheap,,,10/09/2026 05:17
c177ba54-5520-438d-aef8-7197bf9f5422,challenger.land,available,5.38,33.32,high,low,10,spaceship,,,29/09/2026 06:18
a76bfb44-6294-4a60-a798-71cbb12c0682,overhead.land,available,5.98,54.98,high,low,8,namecheap,,,26/09/2026 03:30
f6e9f436-28fb-470f-ae99-478cc1ebdbc3,mongoloid.land,available,5.98,54.98,medium,low,9,namecheap,,,25/08/2026 04:49
817970a6-5ca9-4fe0-acba-73a8fb563e8d,aoc.land,available,32.2,32.2,high,low,3,cloudflare,,,30/09/2026 19:51
0aa1b0f3-3666-4d20-9ee0-b1bf35b54589,slipping.land,available,5.98,54.98,medium,low,8,namecheap,,,10/09/2026 11:05
78ef5a04-6cea-4978-bee8-6465c8aa8c8a,bread.land,available,5.98,54.98,high,low,5,namecheap,,,08/09/2026 03:15
90da26d3-6cdd-4942-914e-f4701105f8e6,sheepshead.land,available,15.99,41.99,medium,low,10,namesilo,,,20/09/2026 02:29
d72150bf-04bc-4883-9dc6-ce846b44c4da,cyberspace.land,resell,,,high,low,10,"GoDaddy.com, LLC",24/04/2021 15:07,24/04/2027 15:07,28/09/2026 08:02
c1257e15-05a2-46aa-8541-dc1f40f04669,purity.land,available,8.78,34.46,high,low,6,dynadot,,,28/09/2026 15:09
a73f1b87-d120-4265-a4d8-e7a944d88c55,descent.land,available,5.98,54.98,high,low,7,namecheap,,,08/09/2026 13:07
bf249300-95b7-45ac-8b12-e06dd93610ef,endowment.land,available,15,,high,low,9,unstoppable,,,29/09/2026 18:11
3ccb1b2f-72b1-4554-b4e3-7d262f84709f,dastard.land,available,15.99,52.99,medium,low,7,name.com,,,13/08/2026 18:32
d2e266b9-8e54-42c2-84c7-82de8cde83ab,qat.land,premium,118.8,118.8,medium,low,3,namesilo,,,17/09/2026 15:24
142c3ed9-58ca-4e82-a22f-874108f29c46,episode.land,available,15,,high,low,7,unstoppable,,,29/09/2026 18:15
af50c11c-a56f-4658-8277-760143255261,kenaf.land,available,15.99,41.99,medium,low,5,namesilo,,,23/09/2026 16:55
e543561c-0d70-4233-9fa7-8f8e57385821,geological.land,available,5.98,54.98,high,low,10,namecheap,,,18/08/2026 22:28
6cbc469e-ed05-41f9-a3ce-5f4bd72b99a8,contralto.land,available,5.98,54.98,medium,low,9,namecheap,,,
d321cde0-bd2f-487e-8d46-3c991b1539d8,bialy.land,available,5.98,54.98,medium,low,5,namecheap,,,23/09/2026 12:41
95129550-985f-4e73-ab5d-efd02b31a3b1,healthily.land,available,5.98,54.98,medium,low,9,namecheap,,,14/09/2026 23:15
5781fbae-a31d-4245-9ec1-af68ba64143f,xxxiv.land,available,5.98,54.98,medium,low,5,namecheap,,,
416401fb-1308-429c-a5d5-bca2a12da002,solidly.land,available,5.98,54.98,medium,low,7,namecheap,,,16/09/2026 04:03
45576297-00a2-4821-9d19-197316c35191,drippage.land,available,5.98,54.98,medium,low,8,namecheap,,,14/09/2026 14:34
a615348e-7cff-40cf-8161-d771ee190651,piercing.land,available,5.98,54.98,high,low,8,namecheap,,,22/08/2026 01:25
0a788e17-4e07-4ce0-897a-f39451281451,textbooks.land,available,32.2,32.2,medium,low,9,cloudflare,,,30/09/2026 16:14
55d7f904-62e2-4baf-9ed5-9520fefa2a0a,labored.land,available,5.98,54.98,medium,low,7,namecheap,,,22/08/2026 17:34
a7213a47-ae56-4868-b015-5a63143ad3b3,anamorphic.land,available,5.98,54.98,medium,low,10,namecheap,,,
2ea140f0-dae2-4f3a-9e77-8ce69cf93ab0,incompetence.land,available,5.38,33.32,medium,low,12,spaceship,,,30/09/2026 14:30
947ac510-b603-48f5-82a6-542d20793eda,abbatial.land,available,5.98,54.98,medium,low,8,namecheap,,,
df6e508e-85ac-4a15-9896-4a608e2a874e,nas.land,premium,118.8,118.8,high,medium,3,namesilo,,,25/09/2026 13:48
fc6626b0-2cb4-4c44-aa8b-b4c24cf7ff20,mammalian.land,available,5.98,54.98,medium,low,9,namecheap,,,24/08/2026 14:19
e00f21d0-b4b3-48cf-b4f6-1609594fce48,mascot.land,available,19.99,63.99,high,low,6,godaddy,,,30/09/2026 02:14
40db9189-8100-41e9-a745-e1384cf8f4b6,fourthly.land,available,5.98,54.98,medium,low,8,namecheap,,,18/08/2026 13:50
d7f5713f-1901-468b-bb15-13c45826feec,debacle.land,available,5.98,54.98,medium,low,7,namecheap,,,13/09/2026 07:56
6f5c6890-2b74-4a41-b1f4-5d129db95bb7,coward.land,available,5.98,54.98,medium,low,6,namecheap,,,24/09/2026 18:55
dcc0bc5f-f852-461c-acdf-dbebc1926a76,usernames.land,available,15.99,41.99,medium,low,9,namesilo,,,20/09/2026 06:18
73f3b12e-e747-457e-bdb6-40816f6de150,copies.land,available,15.99,41.99,medium,low,6,namesilo,,,27/09/2026 09:16
67a96138-d3e6-4a29-8dc0-c04a957444e6,annotator.land,available,15.99,41.99,medium,low,9,namesilo,,,19/09/2026 10:48
243c04c6-a5f6-4f1a-afd4-01b6fd5535a0,wilfred.land,available,15.99,41.99,medium,low,7,namesilo,,,28/09/2026 07:49
c55d5536-f8b1-458f-8922-ef57f75e974b,cameraman.land,available,5.38,33.32,high,low,9,spaceship,,,29/09/2026 06:02
840abd8a-3f61-490a-8fd3-7efa884a51d9,arability.land,available,15.99,41.99,high,low,9,namesilo,,,19/09/2026 23:32
d5524f8d-a3b0-470f-8899-cf8262d053d7,harmed.land,available,15.99,41.99,medium,low,6,namesilo,,,29/09/2026 23:42
2b960c2e-c256-47eb-a944-9463ee0c9716,pectoral.land,available,5.98,54.98,medium,low,8,namecheap,,,08/09/2026 11:58
4f6e1f81-949b-4f9f-bfc9-e377a2e5a074,tractable.land,available,5.98,54.98,medium,low,9,namecheap,,,24/08/2026 15:10
fa952b7f-ad3c-4bfc-ac91-d7b6b79ac8c4,invincible.land,available,15.99,41.99,high,low,10,namesilo,,,25/09/2026 11:10
626fb77f-c29b-4549-9b5c-d2dac754123c,ontogeny.land,available,5.98,54.98,high,low,8,namecheap,,,20/08/2026 20:29
90f3b213-5c5c-4f7c-b1eb-f1ef6ad560bf,horizons.land,available,15,,medium,low,8,unstoppable,,,30/09/2026 15:32
7b821c0a-4094-44a8-9178-b9c03fd974ea,introductory.land,available,19.99,,high,low,12,name.com,,,
dc6e282b-5190-4497-9ec3-a5921d1ebbc6,allusion.land,available,15.99,41.99,high,low,8,namesilo,,,18/09/2026 12:15
21e7fde9-aed3-4867-a872-21bf865bb919,saddam.land,available,15.99,41.99,medium,low,6,namesilo,,,25/09/2026 23:11
c26d7c15-69bc-454f-939f-d1b60d8936c9,artaxerxes.land,available,5.98,54.98,medium,low,10,namecheap,,,20/09/2026 10:06
f5bceb3a-417a-4488-9a79-c6d07bbe64fc,swiftly.land,available,15.99,41.99,high,low,7,namesilo,,,28/09/2026 14:53
4fe0dee3-74f3-4fff-a04c-49e48a33def2,wagering.land,available,8.75,33.47,medium,low,8,porkbun,,,28/09/2026 11:01
11326538-ed88-4eac-ab29-b0b0bda59e63,inwards.land,available,5.98,54.98,high,low,7,namecheap,,,21/08/2026 23:32
3b7081cc-e72c-4a1e-9078-9c844e61f892,chauffeur.land,available,15.99,41.99,high,low,9,namesilo,,,29/09/2026 11:53
15564e2c-0a5e-4b66-9feb-1aa42669f09b,attester.land,available,15.99,41.99,medium,low,8,namesilo,,,21/09/2026 01:41
15a65f69-2141-4aaf-bbaf-82915fd6d4e1,likeable.land,available,5.98,54.98,high,low,8,namecheap,,,23/08/2026 06:11
19266ea5-d2cb-479d-ac58-74d8aebde68d,indigene.land,available,5.98,54.98,medium,low,8,namecheap,,,03/09/2026 13:49
6eae4b1b-3159-43fa-b922-29755ce0e69c,impression.land,available,15.99,41.99,high,low,10,namesilo,,,29/09/2026 23:38
1f05e16e-6ac5-4353-acac-52361c8c8ed7,aphrodisia.land,available,15.99,41.99,medium,low,10,namesilo,,,19/09/2026 17:14
3c00c477-b51a-4528-a30d-85996aee3198,supreme.land,available,32.2,32.2,high,medium,7,cloudflare,,,28/09/2026 02:04
a1a349eb-eca4-4e1b-bff3-208eb0c25bda,bamboo.land,available,5.98,54.98,high,medium,6,namecheap,,,22/09/2026 00:40
47979440-ec10-4732-8e86-45355fedf353,same.land,available,5.38,33.32,high,low,4,spaceship,,,27/09/2026 17:53
70ba334d-51b9-424f-88b9-45da6f62f7a9,leger.land,available,15.99,41.99,high,low,5,namesilo,,,16/09/2026 23:07
80d07e2e-cc7a-4bee-a857-15f8c068889f,catches.land,available,32.2,32.2,medium,low,7,cloudflare,,,28/09/2026 04:27
ebe70863-d35b-4db7-a307-8ba781c3eca0,arauca.land,available,15.99,52.99,medium,low,6,name.com,,,20/09/2026 00:22
84f77042-e20b-42ec-b563-b22f1c0b5b07,butterflies.land,available,15.99,41.99,high,low,11,namesilo,,,16/09/2026 12:02
082ed011-4059-4139-ae91-e22827c78ced,viscous.land,available,5.98,54.98,high,low,7,namecheap,,,20/08/2026 15:25
24aa6be4-257e-4750-bef0-acefc2e7640f,rtc.land,available,5.98,54.98,high,low,3,namecheap,,,30/09/2026 12:40
03461f6c-0670-4358-999d-01c990beab64,francine.land,available,15.99,41.99,high,low,8,namesilo,,,30/09/2026 13:27
efb7d802-956b-49fb-bea4-046d9a474d6a,amaryllis.land,available,15.99,41.99,high,low,9,namesilo,,,18/09/2026 15:59
0d31ac13-9d4e-409f-ad70-88232522652b,dramatic.land,available,15.99,41.99,high,low,8,namesilo,,,24/09/2026 12:04
4753e27f-ca3e-4cbf-9110-f0f657873a48,tattoo.land,premium,242,242,high,low,6,namesilo,,,27/09/2026 05:36
73d77167-a67e-4a81-9d3c-e4b72b3dfbe2,phase.land,available,15,,high,low,5,unstoppable,,,30/09/2026 06:41
b16222d8-28ef-4b68-a918-8df34b4e9e83,stacy.land,available,15.99,41.99,high,low,5,namesilo,,,28/09/2026 07:44
3ab79cf8-a8da-4e3b-bbb9-4ef6f9dca3db,clicks.land,available,19.99,63.99,medium,low,6,godaddy,,,01/10/2026 00:04
9223ed7c-41d0-4e91-b1e0-701ca9613647,damnably.land,available,15.99,52.99,low,low,8,name.com,,,13/08/2026 16:35
b0eef3ab-d453-4670-9f00-69c970b8ae93,knocked.land,available,5.98,54.98,low,low,7,namecheap,,,25/09/2026 18:45
74beba10-b2dd-4912-b229-634a1bd378dc,irrelevant.land,available,15.99,41.99,high,low,10,namesilo,,,25/09/2026 11:28
d337098d-df7e-46a3-a51a-07b7d294997d,conditional.land,available,15.99,41.99,high,low,11,namesilo,,,30/09/2026 11:31
aa0624a7-fb5d-451b-ba77-9a304ab664df,plants.land,available,19.99,,high,low,6,name.com,,,
7d9b25e6-bb2b-4dfe-b7cc-afe4d5f5d897,spotting.land,available,15.99,41.99,high,low,8,namesilo,,,30/09/2026 17:13
873e6649-876b-4747-a785-b9337a6dde05,certificate.land,available,32.2,32.2,high,low,11,cloudflare,,,01/10/2026 05:07
392b383f-2a48-4d73-ac01-93394cec648f,distortion.land,available,5.98,54.98,high,low,10,namecheap,,,11/09/2026 21:55
85310614-5cd6-49cc-9827-00227334ba67,traduce.land,available,5.98,54.98,medium,low,7,namecheap,,,24/08/2026 14:06
9516151e-5b19-425b-ae2b-ee3fd3629821,meshuga.land,available,5.98,54.98,medium,low,7,namecheap,,,24/08/2026 21:06
cd560d33-a9f7-4068-9fa2-9eb7337b891f,scour.land,available,5.98,54.98,high,low,5,namecheap,,,10/09/2026 00:23
7d954b35-2503-4cf5-9f85-4b82c885181d,trickily.land,available,5.98,54.98,low,low,8,namecheap,,,14/09/2026 09:11
6723691f-a9b2-4e1f-af5d-0f37be792580,sodden.land,available,5.98,54.98,medium,low,6,namecheap,,,10/09/2026 13:24
d4ec28ed-c3b9-4d0e-a82b-119760f245fe,willy.land,available,5.98,54.98,medium,low,5,namecheap,,,27/09/2026 06:19
512eccb1-722a-40d9-a946-39f9c5011aaf,whereabouts.land,available,19.99,,high,low,11,name.com,,,
2dce66c6-7835-4c72-b665-34da1ac45d4d,intellect.land,available,5.38,33.32,high,low,9,spaceship,,,28/09/2026 07:56
6085ea94-ffc7-443c-a623-322d4a8dc0d3,argue.land,available,15,,high,low,5,unstoppable,,,30/09/2026 15:18
8722741a-d4ed-4671-85ff-bd5216c5c3bf,skimpy.land,available,5.98,54.98,medium,low,6,namecheap,,,10/09/2026 09:36
2e59f6b7-3711-4d9e-a7cd-182373b6fca1,nsc.land,available,15.99,41.99,medium,low,3,namesilo,,,29/09/2026 07:39
f5c91166-bbd1-4840-8dd7-6bc82c73dc03,anagoge.land,available,15.99,41.99,medium,low,7,namesilo,,,19/09/2026 01:27
c729b20e-33e5-492f-821d-185ce967da6f,boar.land,available,15.99,41.99,high,low,4,namesilo,,,29/09/2026 11:44
196dd0d1-37be-44a7-bd3a-028168f75d9b,alienate.land,available,5.98,54.98,medium,low,8,namecheap,,,
85f2e974-7b8c-47c4-af97-32b50da89426,burglary.land,available,5.98,54.98,medium,low,8,namecheap,,,29/09/2026 00:17
9189c236-6b18-4bdf-8c40-dcce5d703421,moby.land,available,15,,medium,low,4,unstoppable,,,30/09/2026 04:05
14592b97-06dd-4db3-9425-b00796d7b3ff,creaky.land,available,5.98,54.98,medium,low,6,namecheap,,,06/08/2026 22:59
2d6c2430-5cac-4cc4-8cfc-f1cfcad96c7d,deputy.land,available,8.78,34.46,high,low,6,dynadot,,,29/09/2026 14:04
071754aa-d8ba-41ed-820e-9b1d43003309,astatine.land,available,15.99,41.99,medium,low,8,namesilo,,,20/09/2026 16:55
05174903-3a51-4639-9403-7dac7906c07d,pithily.land,available,5.98,54.98,medium,low,7,namecheap,,,15/09/2026 20:06
d25b837a-e2aa-4635-bcd9-d34578326d25,sexiness.land,available,15.99,41.99,high,low,8,namesilo,,,18/09/2026 16:14
033b37d7-ffef-4e0f-b797-b0c78c068a00,boeing.land,available,32.2,32.2,high,low,6,cloudflare,,,30/09/2026 20:16
03d87d34-8a97-48ad-b856-16e016a9e93e,heroine.land,available,5.38,33.32,high,low,7,spaceship,,,29/09/2026 07:16
89178160-8834-4e9a-b33f-bf4642fae951,haircut.land,available,8.75,33.47,high,low,7,porkbun,,,29/09/2026 21:56
054c7b99-3682-4f3d-ac60-05ef78c73d36,splenic.land,available,15.99,52.99,medium,low,7,name.com,,,23/08/2026 01:27
5579c2be-f3d6-44ab-be24-76f6a06717af,dashingly.land,available,5.98,54.98,medium,low,9,namecheap,,,14/09/2026 10:41
892d6b95-b1b8-4cd1-aa7c-a8594230b410,saintly.land,available,5.98,54.98,high,low,7,namecheap,,,
f53ff239-2c32-4a3a-ad9c-8ccfe3421a4e,dartmouth.land,available,15.99,41.99,medium,low,9,namesilo,,,25/09/2026 04:45
cbc68fd4-a0a9-4027-af87-9d45c135c433,publicist.land,available,32.2,32.2,high,low,9,cloudflare,,,30/09/2026 10:55
ed2df3d3-fc7b-456a-bcea-bb37a803f443,dexter.land,available,5.98,54.98,high,low,6,namecheap,,,14/08/2026 05:26
f624baf1-7f4f-4177-9854-065c4d76d064,topologic.land,available,5.98,54.98,medium,low,9,namecheap,,,11/09/2026 17:52
c244dc3e-c865-4de1-a6bb-7f14c7a04e27,essence.land,available,15.99,41.99,high,low,7,namesilo,,,30/09/2026 16:02
51127d7f-9efb-4245-8af3-8d0153ba00b1,disquiet.land,available,15.99,41.99,medium,low,8,namesilo,,,24/09/2026 22:51
bfeaaed1-552b-4322-8109-7a0642f2d85e,servant.land,available,15.99,41.99,high,low,7,namesilo,,,25/09/2026 06:52
fc115360-40ab-4585-9e5b-6df4bf6fadac,batwing.land,available,5.98,54.98,medium,low,7,namecheap,,,09/08/2026 01:49
4160302f-e805-41f8-adcd-13252643e785,permission.land,available,5.98,54.98,high,low,10,namecheap,,,25/09/2026 09:53
f97ac8d5-a444-4b2f-bb9e-8ae0ce009ce0,vie.land,premium,118.8,118.8,high,low,3,namesilo,,,30/09/2026 17:35
ef131e4f-5147-44d5-b708-46ec106ad6b8,bargaining.land,available,15.99,41.99,high,low,10,namesilo,,,22/09/2026 05:36
fde7d57f-bee1-4f26-89ec-67f9784cfe32,gracious.land,available,15.99,41.99,high,low,8,namesilo,,,24/09/2026 00:42
41fbb4c8-1195-4804-945c-555f4fe4bebe,romain.land,available,32.2,32.2,medium,low,6,cloudflare,,,30/09/2026 20:14
6bf11fd3-e3e5-4049-a2a3-aae6193b17b0,offending.land,available,5.98,54.98,medium,low,9,namecheap,,,04/09/2026 01:28
d1019045-255f-483d-8121-6c8a85ab2e14,feathered.land,available,5.98,54.98,high,low,9,namecheap,,,18/08/2026 00:19
4e843c13-4c06-453b-8862-0766200bfa9d,texas.land,resell,,,high,medium,5,"GoDaddy.com, LLC",15/02/2014 16:00,15/02/2027 16:00,30/09/2026 03:10
310dc28e-68fd-42f5-a385-a1ac0c4d6359,rapidly.land,available,5.98,54.98,high,low,7,namecheap,,,13/09/2026 20:17
84187e29-a7f3-46b4-a49b-9b1ad86b78ff,reunion.land,available,15.99,41.99,high,medium,7,namesilo,,,30/09/2026 10:12
62d86f2a-35d9-457b-9669-c4e810d8d9c8,apartheid.land,available,15.99,41.99,medium,low,9,namesilo,,,19/09/2026 16:15
1a3cccb1-e9db-4502-8ad2-997369d5089f,ungrateful.land,available,5.98,54.98,medium,low,10,namecheap,,,11/09/2026 12:26
0634faeb-5d56-4bfe-b17c-e22586d01d75,unmediated.land,available,5.98,54.98,medium,low,10,namecheap,,,12/09/2026 15:32
5b009fd4-c95c-40fb-afc1-88c3e529732b,win.land,resell,,,high,medium,3,Dynadot Inc,24/06/2020 09:23,24/06/2027 09:23,26/09/2026 10:11
00059d84-dbdb-4efe-903f-81357a5e1571,gripping.land,available,15.99,41.99,high,low,8,namesilo,,,21/09/2026 15:05
70707fbb-6b7e-45b4-9862-e56efa72cede,beady.land,available,5.98,54.98,medium,low,5,namecheap,,,09/08/2026 03:23
ac370219-a5f1-45ec-a3b8-2b946a84cb18,activism.land,available,5.98,54.98,high,low,8,namecheap,,,17/09/2026 05:15
3c17383b-a8ba-4e09-afc5-6b5cbb5ba9fa,gst.land,available,15,,medium,low,3,unstoppable,,,30/09/2026 23:01
940e4b3c-632c-4f99-b00f-4de498f71bf6,regulator.land,available,5.38,33.32,high,low,9,spaceship,,,29/09/2026 20:08
62fcb7f0-89c0-4601-86a5-0f8fd42f44a5,destiny.land,resell,,,high,low,7,Dynadot Inc,12/05/2026 17:00,12/05/2027 17:00,29/09/2026 09:18
f7bd40e6-bb52-4d92-bb3a-4b46d36913e8,unshared.land,available,5.98,54.98,high,low,8,namecheap,,,12/09/2026 19:38
a65b7156-c722-43c0-9906-1b548cce6e5d,succinct.land,available,15.99,41.99,high,low,8,namesilo,,,23/09/2026 17:07
6eca29df-5ae0-43fd-b850-7c7c1b2301a3,generous.land,available,5.98,54.98,high,low,8,namecheap,,,18/08/2026 21:29
7e155456-91b7-42f9-9501-f81cd0ff7405,hampton.land,available,15.99,41.99,high,low,7,namesilo,,,25/09/2026 06:48
c8bd86d1-0d9e-425c-b890-241061414245,statue.land,available,15.99,41.99,high,low,6,namesilo,,,26/09/2026 00:24
4faf6d70-a330-4cfd-b828-052cf2d92a45,basle.land,available,15.99,41.99,medium,low,5,namesilo,,,22/09/2026 10:14
7c57d57a-b888-4889-b574-8ab8fea79d30,updates.land,available,5.98,54.98,medium,low,7,namecheap,,,20/09/2026 08:39
3b6a1d0f-3a7c-4783-a570-e1b4fe92b1a3,overriding.land,available,5.98,54.98,high,low,10,namecheap,,,04/09/2026 21:39
7aa36128-429e-42de-9972-bdcd643ce726,boffo.land,available,5.98,54.98,high,low,5,namecheap,,,10/08/2026 16:57
fa08c7d7-02ae-48c9-b65e-381040657b58,soledad.land,available,32.2,32.2,medium,low,7,cloudflare,,,30/09/2026 18:46
c9236dfc-c074-4b17-aba7-c72687dab9cf,adolescent.land,available,5.98,54.98,high,low,10,namecheap,,,21/09/2026 19:03
cf29e4b4-2bf5-4e71-896b-646d17c56661,olefin.land,available,15.99,41.99,medium,low,6,namesilo,,,18/09/2026 08:30
1ac4eb6f-5687-4895-ac6a-ed3f3e6fd531,tramontane.land,available,5.98,54.98,medium,low,10,namecheap,,,11/09/2026 18:48
3a8fa9a3-a60b-4134-9b9a-6dfec24187bc,shipley.land,available,5.98,54.98,medium,low,7,namecheap,,,29/09/2026 09:53
e0056a9c-cd83-4044-82a5-2f460f974919,tumor.land,available,8.78,34.46,medium,low,5,dynadot,,,28/09/2026 10:32
4345b4f9-9a96-4ab7-8e72-938f972b1762,banshie.land,available,15.99,41.99,medium,low,7,namesilo,,,22/09/2026 03:10
93ea19b4-0c58-48da-98c0-e00654db8312,complete.land,available,5.98,54.98,high,low,8,namecheap,,,19/09/2026 19:02
1c6afb1f-27c4-41b4-872f-f87683335dcd,knack.land,available,32.2,32.2,high,low,5,cloudflare,,,01/10/2026 02:24
75c46539-cd09-443c-9cfc-2a8dfd9b7b13,ossicular.land,available,5.98,54.98,medium,low,9,namecheap,,,04/09/2026 18:22
0597ad6a-9bad-4823-aaad-c363253ae336,forms.land,available,15.99,41.99,high,low,5,namesilo,,,17/09/2026 09:39
7db683b9-34bd-4b79-98ae-964e356712f8,arabs.land,available,32.2,32.2,medium,low,5,cloudflare,,,29/09/2026 11:16
3d669aaa-d86f-42d0-bca5-62394bc9a094,divinity.land,available,5.98,54.98,high,low,8,namecheap,,,24/09/2026 21:26
2cc0c303-9fdd-4404-b7c6-514a820be598,resist.land,available,5.98,54.98,high,low,6,namecheap,,,21/09/2026 22:09
4fd64e74-995e-426f-afe6-344efc1ca56b,destitute.land,available,5.98,54.98,medium,low,9,namecheap,,,14/08/2026 04:32
87233945-823a-4569-a4be-632f88b34e8f,pursuit.land,available,15.99,41.99,high,low,7,namesilo,,,21/09/2026 09:41
3c789e19-7b2f-4901-9ed1-1bf20481830e,annual.land,available,15.99,41.99,high,low,6,namesilo,,,22/09/2026 05:27
de5bd3ad-a8b0-4e0c-b2ee-3442b9bd6fb2,agar.land,available,15.99,41.99,medium,low,4,namesilo,,,17/09/2026 16:14
52f481fb-4853-4de9-b236-301cc2a65f3a,hobbs.land,available,15.99,41.99,high,low,5,namesilo,,,27/09/2026 04:26
79be079a-3754-4f2f-8e61-57509b43d269,unlovable.land,available,5.98,54.98,medium,low,9,namecheap,,,12/09/2026 15:08
7f4b63c4-0cfd-420d-ae11-f48a7427595c,measuring.land,available,32.2,32.2,high,low,9,cloudflare,,,30/09/2026 04:12
dd1f7efe-89cf-4b96-929d-5cc254ab592e,michal.land,available,5.38,33.32,medium,low,6,spaceship,,,30/09/2026 12:53
847af0f0-3fdd-4ef6-9770-ba1766649b3e,acetabulum.land,available,5.98,54.98,medium,low,10,namecheap,,,16/09/2026 23:45
a32ea910-a58b-480b-ba1d-79bdf8ef35dd,loon.land,available,15.99,41.99,high,low,4,namesilo,,,17/09/2026 07:03
48f4314c-41d7-46c2-a004-c7a6478d0600,cementing.land,available,15.99,41.99,high,low,9,namesilo,,,30/09/2026 07:44
ef1666d8-436b-45af-850e-a299a91b762d,storer.land,available,5.38,33.32,medium,low,6,spaceship,,,30/09/2026 19:21
d46ddd7e-fc4e-40b5-8038-9f9e23b155c3,oblivious.land,available,15,,medium,low,9,unstoppable,,,01/10/2026 04:58
3c59c71f-31cc-4754-992f-7766ec94f2d7,heated.land,resell,,,medium,low,6,"NameCheap, Inc.",14/10/2022 14:56,14/10/2027 14:56,26/09/2026 06:37
ee8db462-58dd-46ff-8823-57fb1e4a50bb,balmoral.land,available,15.99,41.99,high,low,8,namesilo,,,21/09/2026 23:39
0a87afb5-d335-4087-82f7-e01aaa28c1d9,carnation.land,available,5.98,54.98,high,low,9,namecheap,,,11/08/2026 19:26
5c6b1772-9f67-4916-b691-d508e67bdfea,recruited.land,available,15.99,41.99,medium,low,9,namesilo,,,18/09/2026 00:53
ed163a18-d466-468b-a7b3-b112ade0ac7c,furman.land,available,32.2,32.2,medium,low,6,cloudflare,,,29/09/2026 04:35
56297531-ee37-4418-bc7f-fe3230154d6b,titanium.land,available,15.99,41.99,high,low,8,namesilo,,,20/09/2026 22:34
fb2d9f43-7ff8-425e-8c24-9d5aa65781af,biretta.land,available,15.99,41.99,medium,low,7,namesilo,,,23/09/2026 10:06
509f4462-f34e-4f33-88b7-0f325b8125a2,sash.land,available,19.99,63.99,high,low,4,godaddy,,,01/10/2026 01:27
52b1442d-6ffd-4f89-b9f2-99326513915a,nappy.land,available,5.98,54.98,high,low,5,namecheap,,,18/08/2026 16:10
5158de25-b27e-4d0a-8dce-943d87d8dc4b,aalii.land,available,15.99,41.99,medium,low,5,namesilo,,,16/09/2026 13:12
7cc4ab1a-0db9-421f-9be3-02a2665cba37,interviews.land,available,15.99,41.99,medium,low,10,namesilo,,,28/09/2026 09:06
d6bda3bf-1f68-46de-853f-0000b54bdd00,woman.land,premium,400.5,,high,low,5,unstoppable,,,28/09/2026 18:54
49b7d1e5-d853-4b0c-b8ab-8a4bd1a56a69,solidarity.land,available,15,,high,low,10,unstoppable,,,30/09/2026 02:56
5b061291-173a-46fe-8d66-a0b1296d0bb7,gregorian.land,available,5.98,54.98,high,low,9,namecheap,,,20/08/2026 19:58
b1b32b99-1a67-46b1-9254-4dc27c0c5897,venereal.land,available,5.98,54.98,medium,low,8,namecheap,,,18/08/2026 21:42
7892bea1-6b87-40a5-9029-94a73bbb7120,chilean.land,premium,118.8,118.8,high,low,7,namesilo,,,12/08/2026 05:15
f99f5fba-8835-4d89-a6d9-18d5db0c7704,township.land,available,32.2,32.2,high,low,8,cloudflare,,,30/09/2026 19:01
eca01a5f-ac39-488d-a702-572d98af99e4,winking.land,available,5.98,54.98,high,low,7,namecheap,,,10/08/2026 14:28
16ece9c5-7bab-4923-ba13-cbe293660248,excision.land,available,15.99,41.99,medium,low,8,namesilo,,,16/09/2026 16:06
ecbc5cd9-8f15-4d76-8331-488eff88fa16,primly.land,available,5.98,54.98,medium,low,6,namecheap,,,15/09/2026 21:26
0e561446-61d1-47ad-a3e4-49381a7672b3,bcs.land,premium,102.67,102.67,high,low,3,spaceship,,,29/09/2026 15:15
58c21467-ea9f-426d-b1b2-d3bca08a54ad,horseback.land,available,5.98,54.98,high,low,9,namecheap,,,21/09/2026 23:38
2ef60e22-8c73-4c53-b94e-83fe384ca496,ambassadors.land,available,32.2,32.2,high,low,11,cloudflare,,,30/09/2026 15:27
8ae22e4e-3b30-4ea2-84d3-adcdbe1fdb66,delia.land,available,5.38,33.32,medium,low,5,spaceship,,,28/09/2026 21:49
93b59ffb-5d91-4111-91c8-aac8a3dde537,roaming.land,available,8.78,34.46,high,low,7,dynadot,,,30/09/2026 23:48
62fad506-dff3-441d-ad57-7916f7169a21,precursors.land,available,15.99,41.99,medium,low,10,namesilo,,,21/09/2026 00:35
f58b6dff-b63e-41b3-9d71-c41e6ab89bd9,affirmed.land,available,15.99,52.99,high,low,8,name.com,,,17/09/2026 14:27
eac71758-7c45-4643-a9f7-9cd31cf237d1,heartbeat.land,available,5.98,54.98,high,low,9,namecheap,,,22/08/2026 07:28
599b22fe-8286-4939-a012-abf5065d8de4,vols.land,available,32.2,32.2,medium,low,4,cloudflare,,,27/09/2026 11:41
427a511a-39da-4878-8ab3-71e9703eaa9a,doubling.land,available,15.99,41.99,high,low,8,namesilo,,,29/09/2026 16:36
231d1c2b-2f82-4a54-83ff-269dd4eff37e,follows.land,available,32.2,32.2,high,low,7,cloudflare,,,27/09/2026 18:23
bf710e2b-520a-4e4b-84c0-fcf1cb114d19,tomato.land,available,5.38,33.32,high,low,6,spaceship,,,30/09/2026 03:31
1130f9ba-98f4-413d-83f1-247f977e251c,semiotic.land,available,5.98,54.98,medium,low,8,namecheap,,,10/09/2026 03:13
6c3886d9-7fd5-4adc-8307-b6a551d0e92d,braunschweig.land,available,15,,medium,low,12,unstoppable,,,30/09/2026 15:41
81f5c7b9-323f-4f82-925a-d89d8e9d719a,loveliness.land,available,15.99,41.99,high,low,10,namesilo,,,22/09/2026 22:21
8d7dd411-dc6b-43ee-9938-d4f90c356a13,conduction.land,available,15.99,41.99,high,low,10,namesilo,,,29/09/2026 10:47
44cdab18-bbd7-4382-82e9-5784d9d80d71,army.land,premium,118.8,118.8,high,low,4,namesilo,,,20/09/2026 07:50
1244749e-4939-4ac7-8ade-9b232608940d,technicality.land,available,19.99,,high,low,12,name.com,,,
1e8a5ab2-1d78-4e27-9358-e4a10d20a23c,idf.land,available,15.99,41.99,high,low,3,namesilo,,,28/09/2026 14:30
e4d2b80c-f870-475d-a0c2-6a4f966b6df2,lacks.land,available,15,,low,low,5,unstoppable,,,29/09/2026 10:48
6f68c32b-7e79-44a8-a3a0-8640e6a63bb4,barroom.land,available,5.98,54.98,high,low,7,namecheap,,,22/09/2026 03:34
3d075f4c-2805-424c-91d3-476595dabe38,restrictive.land,available,5.38,33.32,high,low,11,spaceship,,,01/10/2026 06:03
e3930015-10c6-4b43-8ab6-6a93849308f2,impractical.land,available,19.99,,medium,low,11,name.com,,,
83cf46a3-d896-4577-a415-58d947b4614e,judgmental.land,available,5.98,54.98,medium,low,10,namecheap,,,22/08/2026 14:10
0842f9e2-eb84-41ad-b34f-80c5cc2dadd7,thwack.land,available,5.98,54.98,medium,low,6,namecheap,,,16/09/2026 02:47
4ef7c960-9338-4b0d-ac79-2316ad5bc5a3,appointive.land,available,5.98,54.98,medium,low,10,namecheap,,,06/08/2026 07:16
065b9f1a-2541-434f-b084-7629171c4806,ritzy.land,available,5.98,54.98,high,low,5,namecheap,,,09/09/2026 18:04
2a7f248a-8894-4b3d-9a70-6dda56aadaa0,annaba.land,available,15.99,41.99,medium,low,6,namesilo,,,19/09/2026 10:03
79071549-0ad1-48ae-ad26-7b0c6a67e0e5,osman.land,available,8.75,33.47,medium,low,5,porkbun,,,28/09/2026 22:06
646c22b6-c31a-4e96-b8e8-a355065dc9e6,argument.land,available,15.99,41.99,high,low,8,namesilo,,,20/09/2026 04:49
ad67df04-8505-4d8a-8d78-537679070760,imitation.land,available,5.98,54.98,high,low,9,namecheap,,,18/08/2026 00:14
e4542c67-c7ff-4971-bf7e-e6a7d6a198a4,senseless.land,available,5.98,54.98,medium,low,9,namecheap,,,03/09/2026 17:48
f17768a2-c6e9-475a-9312-713d58e707c9,craniate.land,available,5.98,54.98,medium,low,8,namecheap,,,13/09/2026 04:37
c873b554-7956-47b8-98c7-4b463383f48e,murderers.land,available,5.98,54.98,low,low,9,namecheap,,,28/09/2026 23:41
dc11c1af-a26b-4757-8977-fbfcfd33f918,oblong.land,available,5.98,54.98,medium,low,6,namecheap,,,03/09/2026 23:48
6001de93-f772-4b93-9973-41dffcf18600,soh.land,available,5.98,54.98,medium,low,3,namecheap,,,16/09/2026 03:36
376c0f76-515b-49f4-aea7-ea46701e58fd,perez.land,premium,128.7,128.7,high,low,5,namecheap,,,25/09/2026 15:41
49dd6f94-f7c5-479b-9894-ee6e566061a0,harriman.land,available,5.98,54.98,medium,low,8,namecheap,,,21/09/2026 09:11
26dd6631-90e3-4772-9342-f59c44f3f395,stumps.land,available,19.99,,medium,low,6,name.com,,,
5217ef04-83c8-44f4-8643-3e1d3dc48a91,contract.land,premium,118.8,118.8,high,low,8,namesilo,,,03/09/2026 13:23
8094e97a-a385-40c1-8d60-8d7630fe13b8,afghan.land,premium,38.94,38.94,high,low,6,namesilo,,,
689a356f-acdc-4a83-be48-1a0bbc3fa100,bonnily.land,available,5.98,54.98,medium,low,7,namecheap,,,14/09/2026 01:04
3a684615-26a2-4c48-aae2-fad552c3c81d,shoal.land,available,5.98,54.98,high,low,5,namecheap,,,10/09/2026 05:46
5d09ea56-f0ae-4e4a-8a0e-a1a0e2a19f82,ferric.land,available,5.98,54.98,medium,low,6,namecheap,,,18/08/2026 02:07
88a1f1a4-ad8e-4b34-ad43-c192f0381d8d,handbook.land,available,15,,high,low,8,unstoppable,,,29/09/2026 12:11
13699bdc-48c3-406e-bdab-4f6009f284ba,compulsive.land,available,5.98,54.98,high,low,10,namecheap,,,12/08/2026 19:40
e58fc85b-48d2-40e9-9358-43e40cad234c,schoolwide.land,available,5.98,54.98,medium,low,10,namecheap,,,09/09/2026 23:18
e363301e-63b2-4a35-ad2d-bbaa247694ed,pornography.land,available,5.38,33.32,medium,low,11,spaceship,,,28/09/2026 12:37
cce96efe-35ad-4a09-8f2d-c296a630613c,peanuts.land,available,15.99,41.99,high,low,7,namesilo,,,28/09/2026 02:53
5b63fd46-bea2-4780-a0d0-813dd055cea5,areal.land,available,5.98,54.98,medium,low,5,namecheap,,,06/08/2026 17:21
4ec00406-adc4-40e9-a6ff-30e4207ef53b,baronage.land,available,5.98,54.98,medium,low,8,namecheap,,,22/09/2026 07:18
b138616a-7017-45eb-a98e-87e8fdbe9f7a,dominguez.land,available,5.38,33.32,medium,low,9,spaceship,,,30/09/2026 13:47
c0b4d33a-1efa-40be-b9f0-3ed0e648f0ba,subsidized.land,available,5.98,54.98,medium,low,10,namecheap,,,11/09/2026 00:46
b9330881-341c-48f5-9b59-c3a4047b3af4,shoulder.land,available,15.99,41.99,high,low,8,namesilo,,,20/09/2026 11:31
8da05ac3-232b-4536-bc79-c70252626952,billie.land,available,15.99,41.99,medium,low,6,namesilo,,,28/09/2026 07:55
b1cc1f81-b707-4c73-8a1b-8351909f3079,captivated.land,available,5.98,54.98,medium,low,10,namecheap,,,09/08/2026 09:52
401a71ba-0a9a-48a8-8834-5138f42bce87,glands.land,available,32.2,32.2,low,low,6,cloudflare,,,29/09/2026 16:29
7f06c3c7-0db1-40d6-8cad-bc27929d627b,ovarian.land,available,5.98,54.98,medium,low,7,namecheap,,,04/09/2026 19:55
92dbe8a5-add5-457e-8d48-b3980699e82c,daley.land,available,15.99,41.99,high,low,5,namesilo,,,28/09/2026 11:42
e5de00de-ac60-461b-bc6e-d32de8ad9e7c,fiona.land,available,5.38,33.32,high,low,5,spaceship,,,28/09/2026 03:47
6e948e7d-2d3d-43fc-9950-180d73276cfb,ghosts.land,available,15.99,41.99,medium,low,6,namesilo,,,18/09/2026 22:14
8fbb5373-52fe-42c7-8f43-0efab8d2d51f,whistling.land,available,5.38,33.32,medium,low,9,spaceship,,,28/09/2026 20:47
4eca960e-4af0-4838-baef-1a38b5759080,abscessed.land,available,5.98,54.98,medium,low,9,namecheap,,,
71c31acd-07b8-4651-8580-22d92846c9f1,veterinarian.land,available,5.38,33.32,high,low,12,spaceship,,,01/10/2026 04:51
14c254b6-7fc6-4726-9b9d-0d32da5711b9,vaccination.land,available,19.99,,high,low,11,name.com,,,
9310a659-8168-415e-b525-f589bde9167f,leona.land,available,15.99,41.99,medium,low,5,namesilo,,,30/09/2026 05:02
2d000606-cef5-4ba8-be96-4925d09b3192,angioma.land,available,15.99,41.99,medium,low,7,namesilo,,,19/09/2026 06:14
ae3648be-bbf8-419a-ab1c-9d1068286bb4,moonstruck.land,available,5.98,54.98,medium,low,10,namecheap,,,24/08/2026 11:18
75ac693f-b506-4b74-bfd8-03e3cac43acb,disjoint.land,available,5.98,54.98,medium,low,8,namecheap,,,14/08/2026 11:09
8b9563eb-a4e6-41f4-83dc-da842ec9c94f,illiteracy.land,available,15.99,41.99,medium,low,10,namesilo,,,19/09/2026 01:54
3ea6c115-ba1a-453f-a869-797bd225d01e,encouragement.land,available,15.99,41.99,medium,low,13,namesilo,,,28/09/2026 22:35
3a3f0b07-e235-4436-a55f-912d89ef5c44,allometric.land,available,5.98,54.98,medium,low,10,namecheap,,,
2df9c0d9-8e7e-4bfe-adfa-48d7e6393752,nagging.land,available,5.98,54.98,medium,low,7,namecheap,,,03/09/2026 12:41
ec7e1f57-78ac-4e42-9128-e98d43bef5ae,mayonnaise.land,available,15.99,41.99,high,low,10,namesilo,,,01/10/2026 02:59
e9a3aa19-73c1-4c19-971d-30414f33e0c2,adit.land,available,15.99,41.99,medium,low,4,namesilo,,,17/09/2026 08:21
791ad8a7-323d-4aaa-8070-224d027e64d4,garrett.land,available,15.99,41.99,high,low,7,namesilo,,,25/09/2026 14:29
d5556369-1867-4cf8-a3e7-568021447dab,paraguayan.land,premium,38.94,38.94,medium,low,10,namesilo,,,08/09/2026 00:55
8f62776b-d214-47ef-b8d8-ef625f7bfab9,clears.land,available,8.75,33.47,high,low,6,porkbun,,,29/09/2026 17:52
0cf4f76f-fcd9-4b48-aacb-90ea7ed7fb75,stretchy.land,available,5.98,54.98,medium,low,8,namecheap,,,10/09/2026 22:32
e44aa8d5-481c-4224-a729-3c4125493760,debra.land,available,5.38,33.32,medium,low,5,spaceship,,,28/09/2026 16:29
9e982446-d8a3-4763-999c-766b65e3e5a4,apprenticeship.land,available,15.99,41.99,high,low,14,namesilo,,,28/09/2026 02:47
eab04955-bece-4848-ada6-26d2bed69069,basque.land,available,15.99,41.99,medium,low,6,namesilo,,,22/09/2026 11:41
dc327cb5-62bc-4ac6-bac5-46ccc1205abb,graduates.land,available,15,,medium,low,9,unstoppable,,,29/09/2026 11:39
58a79c8b-f5ee-43eb-8cf6-fd5e7cd202c5,medals.land,available,19.99,,high,low,6,name.com,,,
e70c9146-7adb-4305-80ba-3340c9d441db,ferned.land,available,5.98,54.98,medium,low,6,namecheap,,,18/08/2026 01:58
d7e94f98-b33d-4aee-8c28-7502732f1e03,prescribe.land,available,5.38,33.32,high,low,9,spaceship,,,01/10/2026 01:46
d651b3de-7aba-4be6-a1ed-cf889517965a,strap.land,available,15.99,41.99,high,low,5,namesilo,,,28/09/2026 10:12
fbf97000-618a-461b-b4e3-97ccaa16d384,arabis.land,available,5.98,54.98,medium,low,6,namecheap,,,19/09/2026 23:33
07e2b60e-f237-4a70-8005-63c31f9f8dab,exercising.land,available,5.98,54.98,high,low,10,namecheap,,,29/09/2026 18:30
13c21ae1-7a50-4f4d-8cc8-56fb22c57d92,neurology.land,available,15.99,41.99,high,low,9,namesilo,,,01/10/2026 01:29
db1660d2-c9be-4d48-b96d-a3608901d5ce,chilli.land,available,5.98,54.98,high,low,6,namecheap,,,12/08/2026 05:33
380ec69c-c8a5-43b3-99c9-2b8bb37b4adc,leaving.land,available,15.99,41.99,high,low,7,namesilo,,,24/09/2026 22:37
65094951-bace-41ef-9dea-66dfe09a3be8,frugal.land,available,5.98,54.98,high,low,6,namecheap,,,18/08/2026 16:57
82a0044c-654d-4d83-889a-749da0cab74b,biosafety.land,available,5.98,54.98,high,low,9,namecheap,,,23/09/2026 18:56
377cf84f-49f6-4e79-8dc5-d5144504f43c,environmentally.land,available,19.99,,medium,low,15,name.com,,,
68dced05-583b-4461-afe3-4149946b53df,pens.land,available,15.99,41.99,medium,low,4,namesilo,,,20/09/2026 04:15
67a7161a-e4a4-4e29-9262-b70f834c2afd,nahuatl.land,available,15,,medium,low,7,unstoppable,,,01/10/2026 03:02
8c7bd209-5348-4990-bf94-265d264ac6f1,desktops.land,available,15.99,41.99,medium,low,8,namesilo,,,20/09/2026 12:27
01ec7591-394a-4639-9844-6918106f201b,interaction.land,available,15.99,41.99,high,low,11,namesilo,,,29/09/2026 04:54
37aeb689-f827-44c7-a261-632449b158e4,dishonor.land,available,15.99,41.99,medium,low,8,namesilo,,,29/09/2026 15:45
79934d63-91e1-4b1e-8de1-a9f5754af71a,crowley.land,available,15.99,41.99,medium,low,7,namesilo,,,27/09/2026 01:51
3acf7c00-93d0-4875-bc7f-427b965b62bc,niece.land,available,15.99,41.99,high,low,5,namesilo,,,30/09/2026 05:40
86c293de-5f52-4cf6-810a-6c1950f54198,allopathic.land,available,5.98,54.98,medium,low,10,namecheap,,,
6585bfa4-9348-491a-934a-bb2d5497f063,avignon.land,available,15.99,41.99,medium,low,7,namesilo,,,21/09/2026 09:35
537ba8c5-0062-4a08-98ea-e20844be9543,gamey.land,available,5.98,54.98,medium,low,5,namecheap,,,18/08/2026 19:57
47b687cd-fcc5-4845-8f77-91f2ddbe4851,sorely.land,available,5.98,54.98,medium,low,6,namecheap,,,16/09/2026 05:13
2c8b400c-a64f-4fee-9b99-fb5ca1a90a82,motherhood.land,available,5.98,54.98,high,low,10,namecheap,,,29/09/2026 19:42
ca37c3e9-8076-4cc1-af47-97eb92c75403,pile.land,available,5.98,54.98,high,low,4,namecheap,,,25/08/2026 00:39
28e68b67-4d50-421d-89c0-b63042929e56,armenian.land,available,,,high,low,8,,,,
1d59818f-1949-4929-a470-2f6eb5edda73,exclaims.land,available,15.99,41.99,medium,low,8,namesilo,,,19/09/2026 23:36
c31ef684-52dd-4622-a8d6-bc432638a6d8,snafu.land,available,5.98,54.98,medium,low,5,namecheap,,,18/08/2026 17:20
fb1c41e2-592d-46ec-82fa-1b2431876b82,sectional.land,available,5.98,54.98,medium,low,9,namecheap,,,10/09/2026 01:18
4d2948a1-4c13-48d5-91b7-aaff909758b7,uncured.land,available,5.98,54.98,medium,low,7,namecheap,,,12/09/2026 06:39
699fe328-ec5f-4001-a998-538b10b0caef,skipper.land,available,5.38,33.32,high,low,7,spaceship,,,28/09/2026 03:03
eb938f16-becd-4661-bfd1-3c3887fa07d3,farragut.land,available,15.99,41.99,high,low,8,namesilo,,,30/09/2026 16:57
58ca126a-9265-4cad-83d5-496c64590217,flu.land,premium,128.7,128.7,high,low,3,namecheap,,,29/09/2026 19:35
5b5e71e7-cc94-4b55-9e4e-7f55f74d0da6,shack.land,available,15.99,41.99,high,low,5,namesilo,,,24/09/2026 23:26
9cf12f82-b818-4b27-b2a7-8f8331c83beb,initiation.land,available,15.99,41.99,high,low,10,namesilo,,,29/09/2026 12:23
6940b734-7d75-4027-8ed0-4a0fd0ea9376,specializing.land,available,15.99,41.99,medium,low,12,namesilo,,,20/09/2026 06:01
3782c366-3ccd-450a-890c-bf7e308e9f05,pendulous.land,available,5.98,54.98,medium,low,9,namecheap,,,12/08/2026 00:50
376ae642-24d7-4686-be9e-467cc854846c,warmly.land,available,5.98,54.98,high,low,6,namecheap,,,13/09/2026 08:17
1c55d5a9-cbaf-492b-9a3f-a1451151d3f6,barde.land,available,15.99,41.99,medium,low,5,namesilo,,,22/09/2026 05:12
c35b0098-881d-432d-ae97-963c0a41b5dd,constance.land,available,5.38,33.32,medium,low,9,spaceship,,,28/09/2026 18:26
b733ae55-2467-4405-8de2-31cb437ecd74,glowing.land,available,5.98,54.98,high,low,7,namecheap,,,20/08/2026 15:08
c1d9024a-8bd4-4375-b8ab-f8bb9992f3ed,ribbing.land,available,5.98,54.98,medium,low,7,namecheap,,,11/09/2026 10:01
0b510e8d-271e-4cf5-9eb2-4749c305c14d,ingram.land,available,15.99,41.99,medium,low,6,namesilo,,,26/09/2026 03:39
a929cee0-7e6a-40dd-8e45-e4f588070fa6,mediatory.land,available,5.98,54.98,medium,low,9,namecheap,,,24/08/2026 18:55
21a3fad4-4a04-40dd-b6bc-9e2d833d0541,meg.land,premium,118.8,118.8,high,low,3,namesilo,,,24/08/2026 23:20
0a7b3673-0fee-4c88-9f48-45dc0f44ad85,stones.land,available,15.99,41.99,medium,low,6,namesilo,,,26/09/2026 03:37
dc1c1005-1ba9-41ce-9427-f8a8240bb203,deface.land,available,5.98,54.98,high,low,6,namecheap,,,24/09/2026 05:35
4f896d73-b8b3-47cb-a449-b267d01e820d,synaptic.land,available,5.98,54.98,high,low,8,namecheap,,,11/09/2026 06:09
5f97f7a1-af9b-4c0e-9c88-3b0aef9fd558,worn.land,available,5.98,54.98,high,low,4,namecheap,,,23/09/2026 12:58
d0de121f-9686-4b61-bbb9-02065addb7f1,bacteria.land,available,15.99,41.99,high,low,8,namesilo,,,21/09/2026 16:28
84b7f24e-8785-4a8d-8771-22f12f027ee2,spacing.land,available,5.38,33.32,high,low,7,spaceship,,,30/09/2026 18:47
aadab6ae-b6fc-4551-8aa4-a7afb5a69b4f,nautical.land,available,5.98,54.98,high,low,8,namecheap,,,24/08/2026 15:58
355e97cc-925a-43b0-a275-7848db999bbe,geese.land,available,19.99,,medium,low,5,name.com,,,
39a94390-df5e-47e3-9191-e0d13a1897bc,helmets.land,available,15.99,41.99,medium,low,7,namesilo,,,30/09/2026 00:28
2236552c-2da4-4359-a238-79fbea53ab23,manifesto.land,available,5.38,33.32,high,low,9,spaceship,,,30/09/2026 02:12
187886fb-e7db-4145-a827-7e84dafc0bcd,simplest.land,available,15,,medium,low,8,unstoppable,,,29/09/2026 22:50
a5ba133c-8bbe-44aa-ae30-955152b4af41,pbs.land,available,15.99,41.99,high,low,3,namesilo,,,25/09/2026 09:49
6f8368b6-9e86-49ad-9f7b-2b5e3d3409ae,beech.land,available,15.99,41.99,high,low,5,namesilo,,,23/09/2026 00:02
05cebf60-f6a1-4a65-ba26-e7e3895f47a7,scooter.land,available,5.38,33.32,high,low,7,spaceship,,,30/09/2026 01:57
a961fca4-637e-4822-a6d4-368a3db5d6f8,positively.land,available,5.98,54.98,high,low,10,namecheap,,,15/09/2026 21:03
7ff5697c-8d23-4f9b-b4ee-f2b39fd1ca8c,bessemer.land,available,15.99,41.99,high,low,8,namesilo,,,23/09/2026 10:28
bde437fd-c429-4503-99f5-4c37dc7b3293,shear.land,available,8.78,34.46,medium,low,5,dynadot,,,30/09/2026 11:04
2f452bdc-f065-46ee-838e-9027f9821f6f,haply.land,available,5.98,54.98,medium,low,5,namecheap,,,14/09/2026 04:36
3e3a8ffe-266c-484c-bf5b-4a35ce6da1cc,hamlet.land,available,32.2,32.2,high,low,6,cloudflare,,,28/09/2026 18:50
aebc0915-0b7a-4527-9ecf-4837c24f666c,muffled.land,available,5.98,54.98,medium,low,7,namecheap,,,03/09/2026 10:26
dc84a5d8-7980-48b7-9353-163d53e78f19,mcnamara.land,available,15.99,41.99,medium,low,8,namesilo,,,27/09/2026 08:09
05453e9d-160c-42a3-a4f0-d4132a85345e,compares.land,available,32.2,32.2,medium,low,8,cloudflare,,,30/09/2026 15:18
7f59599c-3dc3-4a2d-8743-2f88228be365,tree.land,resell,,,high,medium,4,,,,30/09/2026 11:12
404182a2-a795-4743-a7f1-75513973a1a8,answerer.land,available,15.99,41.99,medium,low,8,namesilo,,,19/09/2026 12:14
5aa71896-9c0f-473b-b729-3f641c030a06,dun.land,available,5.98,54.98,medium,low,3,namecheap,,,14/08/2026 21:12
ba0156dc-6a2b-4cae-add5-28a2b0a16895,aculeus.land,available,5.98,54.98,medium,low,7,namecheap,,,17/09/2026 05:33
7456078b-26dc-48f6-8be1-06f667414913,intercede.land,available,5.98,54.98,high,low,9,namecheap,,,22/08/2026 08:12
53a050b8-b6dc-40af-83bf-461afe640c51,bedclothes.land,available,15.99,41.99,high,low,10,namesilo,,,22/09/2026 22:48
1dd624f3-aff9-4fcd-ae8e-dc029f4a8e52,cloak.land,available,15.99,41.99,high,medium,5,namesilo,,,24/09/2026 15:49
858ec6be-2e91-467c-a27d-e07fdb5d9faa,american.land,resell,,,high,low,8,Dynadot Inc,06/08/2025 17:33,06/08/2027 17:33,26/09/2026 03:50
f6663d61-655a-4417-9d65-43b5ca0b4feb,cheery.land,available,5.98,54.98,high,low,6,namecheap,,,12/08/2026 03:56
51a6d801-eae8-4d56-818e-d35bdac04716,transitions.land,available,19.99,,medium,low,11,name.com,,,
b71f5b4a-0f24-4f28-8547-2cdbf1f4cbdf,dji.land,premium,118.8,118.8,high,low,3,namesilo,,,
61ae6903-fe30-434e-a612-7463281e429c,ica.land,available,15.99,41.99,high,low,3,namesilo,,,28/09/2026 16:04
0123b020-704f-41e4-ad1d-1b571e00eadb,wildly.land,available,15.99,41.99,medium,low,6,namesilo,,,16/09/2026 11:29
c425b0c5-05b5-404e-81a0-eea97ac32ecb,grump.land,available,5.98,54.98,medium,low,5,namecheap,,,13/08/2026 04:58
815b641d-c17e-4c8f-8729-1601d9b65b9a,recruiting.land,available,15,,high,low,10,unstoppable,,,28/09/2026 21:30
d070e48d-f90b-4293-b6db-d389a36adf6b,stairs.land,available,15.99,41.99,high,low,6,namesilo,,,30/09/2026 11:47
000db6a3-d2d5-4579-877b-2aa3a8f0dfda,dreyfus.land,available,15.99,41.99,medium,low,7,namesilo,,,18/09/2026 06:30
5f88b1a5-3dde-41dc-82f6-7bcdd400d26f,abner.land,available,8.75,33.47,medium,low,5,porkbun,,,30/09/2026 06:13
47f1f615-da47-4109-8b2a-6709a6adcbe3,splurge.land,available,15.99,41.99,high,low,7,namesilo,,,23/09/2026 17:20
e5ec7891-49d3-4346-b307-578d5b92a554,transitional.land,available,15,,high,low,12,unstoppable,,,30/09/2026 23:21
1e8323db-603f-47bf-8f2e-6cc379cb1d69,pastoral.land,available,5.98,54.98,high,low,8,namecheap,,,06/08/2026 14:20
dd9e9863-2362-4347-90d2-bd5b8558847c,session.land,available,15.99,41.99,high,low,7,namesilo,,,28/09/2026 17:16
26765ce8-253f-4811-89f2-0acd31b826b8,artemisia.land,available,15.99,41.99,high,low,9,namesilo,,,20/09/2026 10:15
173de99a-79b1-4731-b2e8-db1af833d143,resigned.land,available,5.38,33.32,low,low,8,spaceship,,,28/09/2026 17:54
e62cf5be-8828-469a-ac2b-51976bf5b87f,laureate.land,available,5.98,54.98,high,low,8,namecheap,,,22/08/2026 20:57
77c5b24f-6b21-4338-8f20-80f81a52962d,whalebone.land,available,15.99,41.99,medium,low,9,namesilo,,,21/09/2026 21:50
c60dd9d2-2b93-44a4-a44a-026a86ac240e,boring.land,available,15.99,41.99,high,low,6,namesilo,,,23/09/2026 00:20
5b906cac-8edb-46ff-8aa2-754f03046c89,accidentally.land,available,15.99,41.99,medium,low,12,namesilo,,,28/09/2026 03:20
bb59db48-65d2-4690-add2-9dce369329c6,cables.land,available,5.98,54.98,medium,low,6,namecheap,,,17/09/2026 12:09
6800a4e5-67ad-46a9-a544-58e666a89ae6,aquino.land,available,8.75,33.47,medium,low,6,porkbun,,,28/09/2026 22:09
51aa268d-53f6-41c6-aa4e-34881eb4584a,visually.land,available,15.99,41.99,high,low,8,namesilo,,,16/09/2026 11:04
dfb92ebf-9b34-43f4-8166-7347dc8b6cd8,overwhelm.land,available,5.38,33.32,high,low,9,spaceship,,,30/09/2026 18:52
e805185d-4aeb-4454-bd79-e998d1616c75,cyrus.land,available,15.99,41.99,high,low,5,namesilo,,,28/09/2026 13:50
c360bc14-bf0a-461a-b867-8329a560a642,dissonant.land,available,5.98,54.98,medium,low,9,namecheap,,,07/08/2026 12:26
e604b46c-848e-477d-96fc-f5eb388e1fc1,acquired.land,available,5.98,54.98,high,low,8,namecheap,,,
794819d7-a84d-4a1d-b51c-7a69ef8e8ce6,seeable.land,available,5.98,54.98,high,low,7,namecheap,,,10/09/2026 01:41
6a85325d-0389-42ec-9cdc-6a629bf37469,elaine.land,available,5.98,54.98,high,low,6,namecheap,,,25/09/2026 15:24
170eb2f0-8a38-4e66-8b44-441708a704a4,uppity.land,available,5.98,54.98,medium,low,6,namecheap,,,12/09/2026 23:17
72cc5a49-cd74-49b1-b8ee-49e488978f79,impede.land,available,5.98,54.98,medium,low,6,namecheap,,,21/08/2026 09:28
49ae1d9f-a7d1-4307-8fa9-67378156404d,bended.land,available,5.98,54.98,low,low,6,namecheap,,,09/08/2026 14:15
aea44bbf-9286-4d9b-9d23-6d8e29bf4742,naval.land,available,5.98,54.98,medium,low,5,namecheap,,,03/09/2026 14:07
352d3406-b389-4629-8a95-23ac4a59902a,bagger.land,available,5.98,54.98,medium,low,6,namecheap,,,21/09/2026 18:02
54befc56-9870-4d05-852c-9dba68f70653,excuse.land,available,15.99,41.99,high,low,6,namesilo,,,25/09/2026 22:39
1e8d7a61-fec3-43e4-a8c9-68114cbfa5ef,stubbornly.land,available,5.98,54.98,medium,low,10,namecheap,,,14/09/2026 10:12
ccf67173-09e9-41e9-a269-f517dea290dd,viscid.land,available,5.98,54.98,medium,low,6,namecheap,,,20/08/2026 15:23
7dc4bd63-abcc-4073-be1f-452356115a14,turki.land,available,5.98,54.98,medium,low,5,namecheap,,,11/09/2026 21:16
8a520089-d76a-4e2b-811c-2a2fc76f3f41,minuscule.land,available,15.99,41.99,high,low,9,namesilo,,,25/09/2026 15:24
182d0a7b-9a08-48e3-a1ea-c767b827de1c,stump.land,available,15.99,41.99,medium,low,5,namesilo,,,18/09/2026 17:18
9690a188-8b57-4c94-a27a-1b6878ba0f84,probable.land,available,5.98,54.98,high,low,8,namecheap,,,27/09/2026 06:59
9c1a74fc-7fb1-407f-b309-87ce4e015995,incorrupt.land,available,5.98,54.98,high,low,9,namecheap,,,22/08/2026 02:01
9135e6d5-16ec-4715-be94-0a670690e0a5,downpour.land,available,5.98,54.98,high,low,8,namecheap,,,24/09/2026 16:02
377780b6-9cc8-4f41-894e-33ace49c5b68,benzoate.land,available,15.99,41.99,medium,low,8,namesilo,,,23/09/2026 08:56
05ff0e3e-be30-4e6c-87e1-71330f16b04f,responder.land,available,15.99,41.99,high,low,9,namesilo,,,19/09/2026 12:12
d6b632c7-8e06-4982-871c-dd048fb30405,larder.land,available,5.98,54.98,medium,low,6,namecheap,,,11/08/2026 11:56
c37e01ea-a345-468e-a5eb-a8486d2f39b9,occupy.land,available,5.98,54.98,high,low,6,namecheap,,,23/09/2026 12:12
e23535f9-ba85-43e5-858b-d0019326ddd0,barytes.land,available,15.99,41.99,medium,low,7,namesilo,,,22/09/2026 06:13
e545123a-8812-4450-9ea2-09cd564b7b53,civilization.land,available,15.99,41.99,high,low,12,namesilo,,,27/09/2026 07:12
3148d46a-2fe9-492a-87ed-9edcb9b003d9,teetotal.land,available,5.98,54.98,medium,low,8,namecheap,,,11/09/2026 10:14
1810acee-3852-4731-a735-8b7cb0e54521,scurrilous.land,available,5.98,54.98,medium,low,10,namecheap,,,
3b5088b6-d2e1-49fc-92ef-e3f79e10c323,henriette.land,available,5.38,33.32,medium,low,9,spaceship,,,30/09/2026 04:48
bf517c66-3cf9-4bac-bf53-35447bf8a3d2,percussive.land,available,5.98,54.98,high,low,10,namecheap,,,08/09/2026 16:22
dbef1d82-c4cc-47fa-b184-ba657d4dce3d,middlesex.land,available,15.99,41.99,medium,low,9,namesilo,,,25/09/2026 13:32
fe24876d-41b9-4e7a-951d-13a6a30fe906,ludicrous.land,available,5.98,54.98,medium,low,9,namecheap,,,14/08/2026 02:58
b1a85e1e-946d-4aa9-8ead-5b3e3e0f28c1,whipping.land,available,5.98,54.98,medium,low,8,namecheap,,,22/08/2026 20:12
42068918-3ddf-43d3-ad14-bac54822fa8f,yowl.land,available,15.99,41.99,medium,low,4,namesilo,,,23/09/2026 06:24
33454f38-bc19-46e1-92bc-04b7bdfa07ef,advisor.land,available,15.99,41.99,high,low,7,namesilo,,,29/09/2026 08:01
b2009449-ce5d-45ff-9ee7-7edc41ae942a,sediment.land,available,32.2,32.2,high,low,8,cloudflare,,,01/10/2026 03:37
00e12c06-1918-4bd7-93aa-ebaf76cdea0f,ontop.land,available,15.99,41.99,medium,low,6,namesilo,,,16/09/2026 09:10
a892a8bc-87b3-4921-ade5-912b0de58a8e,pasco.land,available,15.99,41.99,high,low,5,namesilo,,,30/09/2026 13:57
abba27ea-f1d3-423c-99a9-d0b4785dc3bc,prophets.land,available,15,,high,low,8,unstoppable,,,30/09/2026 10:35
b978cd06-cf73-41f8-a264-eea464f87464,khomeini.land,available,15.99,41.99,medium,low,8,namesilo,,,21/09/2026 10:36
cb89bc43-9481-48b4-abec-542edaa7eb40,inscribed.land,available,5.98,54.98,medium,low,9,namecheap,,,17/08/2026 08:24
595724b2-f1bf-4fec-98b9-65cf368c29a0,adnexa.land,available,15.99,41.99,medium,low,6,namesilo,,,17/09/2026 09:05
59ae297e-8df6-4d80-86d9-68d665091e94,krakow.land,available,5.38,33.32,high,low,6,spaceship,,,01/10/2026 01:37
0e2c982f-57af-4d40-8aad-15518c8060f2,jerusalem.land,available,8.78,34.46,medium,low,9,dynadot,,,28/09/2026 09:14
707f449e-255a-4d93-aaf0-5c79077cc6ed,stupidly.land,available,5.98,54.98,medium,low,8,namecheap,,,14/09/2026 13:43
6776f86f-4397-4966-adf1-59f6320007b4,philips.land,available,,,high,medium,7,,,,
908ef4d7-09cf-43d9-8505-221ca7b9aabd,hopeful.land,available,15.99,41.99,high,low,7,namesilo,,,22/09/2026 09:48
d62a6912-b357-4574-a098-0d1d37c00bde,vain.land,available,15.99,41.99,high,low,4,namesilo,,,22/09/2026 23:50
5eedd91d-f8a8-4501-971a-f2422758f1f2,courtesy.land,available,5.98,54.98,high,low,8,namecheap,,,24/09/2026 18:48
64b588a9-428c-4f0f-999e-263095cca0f6,incognito.land,available,5.98,54.98,high,low,9,namecheap,,,22/08/2026 01:36
e14c5906-cbfd-46db-b280-afdbad4759e4,golfer.land,available,15.99,41.99,high,low,6,namesilo,,,30/09/2026 17:30
8fd3d58b-fb81-490b-b7d6-aa760880519c,lamplit.land,available,5.98,54.98,medium,low,7,namecheap,,,22/08/2026 19:11
b9140450-ca58-45e5-9241-42ac04e34368,martina.land,available,15.99,41.99,high,low,7,namesilo,,,29/09/2026 15:21
a117e0e4-b5cf-4e05-ad85-abed747469c5,kanagawa.land,available,15.99,41.99,high,low,8,namesilo,,,30/09/2026 05:13
cd0a4742-2e16-446d-a38f-90c7f5a963c0,wardrobe.land,available,5.38,33.32,high,low,8,spaceship,,,28/09/2026 06:52
d203ecb5-d6fb-42b2-9a54-f46ce1eaef9c,allie.land,available,15.99,52.99,high,low,5,name.com,,,17/09/2026 22:42
c9eee508-1034-42da-935e-372097b5454f,volkswagen.land,available,19.99,,high,low,10,name.com,,,
b72c016e-84f3-4237-8a4d-f43547ce778c,columnist.land,available,15.99,41.99,high,low,9,namesilo,,,29/09/2026 11:55
1a7ab7e3-6450-42b8-b662-209313027dcb,reversion.land,available,5.98,54.98,high,low,9,namecheap,,,09/09/2026 16:19
cdfe7574-e4e7-4cf7-8d28-fc2d147c766e,manchester.land,premium,102.67,102.67,high,low,10,spaceship,,,28/09/2026 19:49
94ec3d00-708d-4f71-96a4-e14a9fb87f2f,asch.land,available,15.99,41.99,high,low,4,namesilo,,,20/09/2026 13:15
a78723f7-31e7-431f-ae7d-126bee368084,ordained.land,available,5.98,54.98,medium,low,8,namecheap,,,13/08/2026 22:16
fb3ed508-d961-4e90-bb4c-89bca97dc359,egoistic.land,available,5.98,54.98,medium,low,8,namecheap,,,15/08/2026 18:54
71c7478f-e091-42d5-8424-0b5786894e53,moderator.land,available,5.98,54.98,high,low,9,namecheap,,,30/09/2026 04:50
c3149b03-74d5-45fc-b519-86d072494057,closest.land,available,32.2,32.2,high,low,7,cloudflare,,,28/09/2026 14:05
8798c69b-19d4-4437-b8c6-8fc2755b39f5,toed.land,available,5.98,54.98,medium,low,4,namecheap,,,11/09/2026 16:41
779a7a13-3283-419e-a7f5-04551882068f,comer.land,available,15.99,41.99,medium,low,5,namesilo,,,20/09/2026 09:17
0b834801-4c1a-4417-879e-ffe862f43f18,cloves.land,available,15.99,41.99,medium,low,6,namesilo,,,17/09/2026 13:15
a99e46b1-aa98-408f-9151-d465df7d53ab,compilation.land,available,19.99,,high,low,11,name.com,,,
3f877d7d-f9cc-4681-af8b-7843acbf9204,unsecured.land,available,5.98,54.98,medium,low,9,namecheap,,,12/09/2026 01:41
2cedd766-880a-4d10-86be-3cc313ee5818,kristen.land,available,8.78,34.46,high,low,7,dynadot,,,29/09/2026 09:38
2b103d8a-c1f1-4ccf-b5f0-f4429da997c1,ticonderoga.land,available,5.98,54.98,medium,low,11,namecheap,,,30/09/2026 22:22
33f588ba-12fe-4701-bacb-e10800fad0d6,intercepted.land,available,32.2,32.2,medium,low,11,cloudflare,,,28/09/2026 23:49
3fd3f5d1-abcc-4bd5-95f4-b2c1ade05371,effeminate.land,available,5.98,54.98,medium,low,10,namecheap,,,12/08/2026 08:34
4b172d11-32cf-4d52-b33c-91d3080fdf21,pyretic.land,available,5.98,54.98,medium,low,7,namecheap,,,09/09/2026 07:03
1cedd3e7-d515-45a2-9b18-52243b81b54e,landing.land,premium,200.5,242,high,low,7,unstoppable,,,30/09/2026 02:04
c527759a-1a23-455b-9181-b317ebec7dc1,concerned.land,available,5.98,54.98,high,low,9,namecheap,,,23/09/2026 18:58
c722a859-6897-466e-91a4-e4587e448a63,ariocarpus.land,available,15.99,41.99,medium,low,10,namesilo,,,20/09/2026 05:32
5cf6caa9-ab03-4387-9faf-6e02e1a30549,operas.land,available,15,,medium,low,6,unstoppable,,,30/09/2026 15:50
8d6ebaab-5a7b-4096-8a5f-a696c9c07b91,surfbird.land,available,15.99,41.99,medium,low,8,namesilo,,,19/09/2026 17:13
51d925b7-f2ab-45e7-bfa6-1074596c55ab,farewell.land,available,15,,high,low,8,unstoppable,,,28/09/2026 01:53
32b605a1-6bcf-4ab8-a7d2-39c60c13e96f,dudley.land,available,15,,medium,low,6,unstoppable,,,28/09/2026 12:03
30f6cbb6-c517-461b-9efa-a7851d5cb11f,luzerne.land,available,32.2,32.2,medium,low,7,cloudflare,,,30/09/2026 14:00
11c40b54-ac92-49c7-843c-6533a847b57a,infrequent.land,available,5.98,54.98,medium,low,10,namecheap,,,22/08/2026 04:50
5f718d7a-fb9b-490f-aabe-33b505bbac7d,flak.land,available,5.98,54.98,medium,low,4,namecheap,,,
0a32fdaf-1025-4a5b-af73-f2ae464fdb1d,wrenching.land,available,5.98,54.98,medium,low,9,namecheap,,,09/09/2026 09:27
0a4dc79d-cd29-4462-a23e-2bca513ed5a1,bicycler.land,available,15.99,41.99,medium,low,8,namesilo,,,23/09/2026 13:23
815b4bd2-4696-4037-9e38-6af7b89134ee,namur.land,available,5.98,54.98,medium,low,5,namecheap,,,30/09/2026 18:07
e5a5a672-da74-4afe-b0aa-4ba270ef44cd,groggy.land,available,5.98,54.98,medium,low,6,namecheap,,,18/08/2026 09:53
9bd7d6cc-eae5-4c98-9fd3-1dc6a26dd341,sweetly.land,available,5.98,54.98,high,low,7,namecheap,,,11/09/2026 05:33
40554ff8-93f2-495a-a00b-03538ed7bd33,kendrick.land,available,32.2,32.2,medium,low,8,cloudflare,,,28/09/2026 08:02
c4e65425-57db-415d-b3ab-397714b03029,committed.land,available,15.99,41.99,high,low,9,namesilo,,,23/09/2026 15:46
67f83986-5a88-4a87-9862-dea552852782,sucked.land,available,15.99,41.99,medium,low,6,namesilo,,,18/09/2026 04:29
60133ba1-931b-49f3-a7c4-e4439aca98a9,darts.land,available,15.99,41.99,high,low,5,namesilo,,,29/09/2026 06:31
4e758e0b-8e86-4494-a377-2ac786eed5fc,let.land,premium,242,242,high,low,3,namesilo,,,28/09/2026 22:10
2b3a940b-9211-4ff0-a935-3c2e358bd1c6,comical.land,available,15.99,41.99,high,low,7,namesilo,,,23/09/2026 15:19
a6b585aa-40eb-4b95-8048-9507d2b45854,braun.land,available,15.99,41.99,high,low,5,namesilo,,,25/09/2026 02:19
823b95ea-d8fb-4bc0-b723-2f5ef2f44f86,suchlike.land,available,5.98,54.98,medium,low,8,namecheap,,,11/09/2026 01:00
173c4ede-f35d-4db8-9498-788a2fe3fe8d,merely.land,available,15.99,41.99,medium,low,6,namesilo,,,25/09/2026 12:17
6a80d902-4a08-4ce8-93dc-8ce683ff1854,socialised.land,available,5.98,54.98,medium,low,10,namecheap,,,10/09/2026 13:14
f519a6c5-89e0-4c14-bbba-950bd8bcdc50,thermic.land,available,5.98,54.98,medium,low,7,namecheap,,,11/08/2026 15:05
904eab71-1e96-469c-b423-7e4f956ccab9,terrorism.land,available,15.99,41.99,medium,low,9,namesilo,,,17/09/2026 04:10
f6eef422-69c8-4ccb-a199-ccdb73131ec6,foolproof.land,available,5.98,54.98,high,low,9,namecheap,,,18/08/2026 10:37
57e1716a-95b6-4b7b-8ba8-3d6b26c23a88,stillborn.land,available,5.98,54.98,medium,low,9,namecheap,,,
8ca8cfa3-ee23-4136-bd61-721f8923c841,credits.land,available,5.38,33.32,high,low,7,spaceship,,,28/09/2026 13:48
012ada1b-fde9-46f5-8fa2-42a1b3534938,goony.land,available,15.99,41.99,medium,low,5,namesilo,,,23/09/2026 23:48
5fad3134-efde-4826-9ec8-af96e9b5ba50,ternion.land,available,5.98,54.98,medium,low,7,namecheap,,,
19fa477d-1e52-400b-aee5-d35ecacdd8f1,asepsis.land,available,15.99,41.99,medium,low,7,namesilo,,,19/09/2026 15:02
1c487977-d9d0-4c42-bf60-9a71296ae09d,gramme.land,available,5.38,33.32,medium,low,6,spaceship,,,29/09/2026 20:16
87696220-1f79-4524-94a4-2a8b888617d3,praiseful.land,available,5.98,54.98,medium,low,9,namecheap,,,22/08/2026 20:51
0bc69b2d-5782-41ce-be2e-38b813564e0a,blithesome.land,available,5.98,54.98,high,low,10,namecheap,,,10/08/2026 14:39
d829c079-3b53-4ba6-b419-26d947f635d4,nominated.land,available,5.98,54.98,high,low,9,namecheap,,,03/09/2026 18:18
0d9f69e0-02aa-47bc-a6a1-48b811f0b389,details.land,available,32.2,32.2,high,low,7,cloudflare,,,29/09/2026 14:12
caccdef9-6fe1-4a9a-9300-2b1849dd67ac,marysville.land,available,15.99,41.99,medium,low,10,namesilo,,,30/09/2026 05:38
6abbd084-a4e2-43a7-bc91-bfe7d5c99630,workout.land,available,5.38,33.32,high,low,7,spaceship,,,29/09/2026 18:33
5370cdc7-7aee-4997-be37-ed7167857338,walks.land,available,15.99,41.99,high,low,5,namesilo,,,25/09/2026 16:37
e626e9dc-bcc0-40c0-aebb-0dd75dda5749,thelma.land,available,8.78,34.46,medium,low,6,dynadot,,,28/09/2026 21:54
71f5683e-a09f-4147-ac9f-3d4aafc7927e,buckner.land,available,15.99,41.99,medium,low,7,namesilo,,,29/09/2026 09:53
870dec82-6640-4136-9c4d-d5996534940a,dolorous.land,available,5.98,54.98,medium,low,8,namecheap,,,14/08/2026 15:30
a99c0052-1e58-4951-8c60-5c15fbff4e84,dovish.land,available,5.98,54.98,high,low,6,namecheap,,,14/08/2026 17:07
e9b6ee3a-0f98-44c2-ab8e-676029de4f69,ran.land,premium,242,242,high,low,3,namesilo,,,25/09/2026 12:35
c3f79bc2-2ed2-461e-a2f6-6f21b3131548,anklets.land,available,15.99,41.99,medium,low,7,namesilo,,,19/09/2026 09:46
9214c395-c213-46d6-a8d3-b81a7cc70e1c,delegate.land,available,5.98,54.98,high,low,8,namecheap,,,24/09/2026 21:30
bf7fdba8-447d-4d91-8fa5-eb77fefd8c99,loyalty.land,available,15.99,41.99,high,low,7,namesilo,,,18/09/2026 10:32
a090e5ef-0193-468b-ae14-9e5514dde056,records.land,premium,242,242,high,low,7,namesilo,,,
2fd7da19-a8d8-417a-8739-584961926f8e,create.land,resell,,,high,medium,6,"GoDaddy.com, LLC",29/06/2020 13:05,29/06/2027 13:05,26/09/2026 05:19
50b82f1b-cf5f-4067-bd97-72d336ae1940,situated.land,available,15.99,41.99,medium,low,8,namesilo,,,25/09/2026 14:16
aa75dc17-8ddc-4674-97f7-c0a4cb27de10,destruction.land,available,15.99,41.99,medium,low,11,namesilo,,,27/09/2026 02:03
4cc0447a-cdf0-4475-9a1d-7389bf51dc5b,crib.land,available,15.99,41.99,high,low,4,namesilo,,,29/09/2026 00:31
4fda2327-dfbd-4bf5-a95a-aed87bc59dba,logistic.land,available,5.98,54.98,high,low,8,namecheap,,,24/08/2026 08:52
2e904429-3ebe-46c9-9982-d9202e8fb7bd,parous.land,available,5.98,54.98,medium,low,6,namecheap,,,08/09/2026 01:52
bde424b7-66eb-413e-b960-1e97826911fd,leone.land,available,8.78,34.46,high,low,5,dynadot,,,29/09/2026 19:32
f7b9ed65-9107-4a3f-92fc-35b68c7b3817,downwind.land,available,5.98,54.98,medium,low,8,namecheap,,,14/08/2026 18:03
49cc4e32-6446-4ee1-b92b-ea5cd62f0b24,cutaneal.land,available,15.99,52.99,medium,low,8,name.com,,,13/08/2026 12:57
fa9654ec-6684-4082-9875-98770db1b4a3,fuddled.land,available,5.98,54.98,low,low,7,namecheap,,,09/08/2026 15:36
6a75ab80-fe6f-4be9-9355-13a3d46e9c69,frizzy.land,available,5.98,54.98,medium,low,6,namecheap,,,18/08/2026 16:08
c5b93d28-b53f-44be-862b-e83b284430a6,evolving.land,available,15.99,41.99,medium,low,8,namesilo,,,30/09/2026 06:16
5411aa21-edec-49fa-bd9f-f711de2a3a9f,tippy.land,available,5.98,54.98,medium,low,5,namecheap,,,13/08/2026 04:55
f290e39d-b1bc-4091-82d3-cce0764c776e,detestable.land,available,5.98,54.98,medium,low,10,namecheap,,,
c1ff0649-fa54-4de0-99f3-99ee69e65625,eccles.land,available,15.99,41.99,medium,low,6,namesilo,,,29/09/2026 06:42
7a6de6fe-6d91-4b2a-a12b-817d7be12c6a,blackfoot.land,available,5.98,54.98,medium,low,9,namecheap,,,24/09/2026 02:17
fe62fa76-37a0-4177-9027-77127583a0be,usmc.land,available,32.2,32.2,medium,low,4,cloudflare,,,30/09/2026 17:59
ca7f554d-e7a5-46d7-9135-6bd538befb1c,lighten.land,available,5.98,54.98,high,low,7,namecheap,,,30/09/2026 16:34
f49e448d-7006-46a8-baf6-918b28b77b2c,diligently.land,available,5.98,54.98,medium,low,10,namecheap,,,14/09/2026 12:40
5e7c47e7-f33f-465a-8b97-37283cddf3df,roily.land,available,5.98,54.98,medium,low,5,namecheap,,,09/09/2026 18:18
59442fed-1c86-4634-bee8-057fef79e1aa,shaver.land,available,5.98,54.98,medium,low,6,namecheap,,,25/08/2026 00:03
152fc4f6-f8a2-4d7a-ab08-b0598a193cc9,coeval.land,available,5.98,54.98,high,low,6,namecheap,,,12/08/2026 15:28
d34332ed-322a-48b4-987e-0b25ccf74757,abortive.land,available,5.98,54.98,medium,low,8,namecheap,,,
b84a91a2-a856-4a31-8d1a-24e828c453c3,angelic.land,available,15.99,41.99,high,low,7,namesilo,,,22/09/2026 04:25
92170adf-558a-4642-8b72-6ece0c2d06ea,setting.land,available,15.99,41.99,high,low,7,namesilo,,,30/09/2026 04:41
cebf9da4-7e44-4c66-8c84-cb3475b277d4,cookies.land,available,5.38,33.32,high,low,7,spaceship,,,27/09/2026 23:29
0e569597-b6a0-44ea-8347-2ef43343c27d,useless.land,available,5.38,33.32,medium,low,7,spaceship,,,28/09/2026 10:02
45e8930f-9eb3-4be4-8722-42b9ddc72cba,dismiss.land,available,15.99,41.99,high,low,7,namesilo,,,29/09/2026 15:34
d0a50015-55b1-435d-873e-78aabf878935,myotic.land,available,5.98,54.98,medium,low,6,namecheap,,,25/08/2026 01:02
a3807316-a494-4575-9b78-043bf9981cf8,sonar.land,available,15.99,41.99,high,low,5,namesilo,,,20/09/2026 13:30
040e7a2a-6339-4d53-a494-1b811716f3c1,stored.land,available,15.99,41.99,low,low,6,namesilo,,,28/09/2026 17:31
bf15ba22-0d68-47fe-ae9f-e6c520db7541,provably.land,available,5.98,54.98,medium,low,8,namecheap,,,14/09/2026 11:29
1dcb693f-4169-45b6-9f87-9701d9fcce30,kindly.land,available,5.98,54.98,high,low,6,namecheap,,,24/09/2026 22:41
c6d75759-eaed-427a-ad3c-d609e8976b84,keyrings.land,available,15.99,41.99,medium,low,8,namesilo,,,20/09/2026 12:08
896684ec-4763-4ad4-8853-07008aed89fd,proximo.land,available,5.98,54.98,medium,low,7,namecheap,,,09/09/2026 04:40
5e8460c0-5710-42fd-a6a1-e40b02afb754,apoplectic.land,available,5.98,54.98,medium,low,10,namecheap,,,06/08/2026 03:29
f550f419-9dc7-4051-b45e-03b8a4526c48,nimitz.land,available,15.99,41.99,medium,low,6,namesilo,,,17/09/2026 08:52
a9c88a20-fd02-4f6d-a486-7752218bb3eb,ecuadorian.land,available,5.98,54.98,high,low,10,namecheap,,,22/08/2026 01:40
e0cfc2fd-07bd-49a2-939d-4180e4359e64,alison.land,available,8.78,34.46,medium,low,6,dynadot,,,28/09/2026 04:29
f2dfe0ed-210c-4ea7-aa41-bbb0d8dcf31a,eastmost.land,available,5.98,54.98,medium,low,8,namecheap,,,14/08/2026 22:57
39bfc52a-1ef0-4955-b91a-2daeaa9d491b,medal.land,available,5.98,54.98,high,low,5,namecheap,,,30/09/2026 02:12
160b4b62-5098-433a-a02c-11369f977c08,crunch.land,available,5.98,54.98,high,low,6,namecheap,,,24/09/2026 19:53
3c2f0e0c-d0dd-4ebf-8b12-aa935c1c62ad,arafat.land,available,5.98,54.98,medium,low,6,namecheap,,,19/09/2026 23:42
9f1591bf-31f7-467c-8c26-beaf1a2f482b,normandy.land,available,15.99,41.99,medium,low,8,namesilo,,,30/09/2026 05:51
3173f036-a4b3-4135-94a6-73724345710e,hmong.land,available,5.98,54.98,high,low,5,namecheap,,,21/08/2026 10:02
40b67162-c9ea-41ad-9b2a-5c86298b84f5,launches.land,available,15.99,41.99,medium,low,8,namesilo,,,21/09/2026 09:09
be26902e-e2f6-4d69-8fb2-a5cc8a2b8b5f,fines.land,available,5.38,33.32,medium,low,5,spaceship,,,01/10/2026 00:54
103efd7d-7535-4d6c-b8e0-54984a14db1c,addicted.land,available,15.99,41.99,high,low,8,namesilo,,,21/09/2026 17:07
5a24197a-7dd4-421a-8101-0d0340463f82,fetching.land,available,5.98,54.98,high,low,8,namecheap,,,18/08/2026 02:20
ee21cf35-88ca-4839-9143-d5421276170d,complacent.land,available,5.98,54.98,medium,low,10,namecheap,,,12/08/2026 19:25
f763e8cd-af4a-4821-b565-8bb92145a88f,plug.land,available,5.38,33.32,high,low,4,spaceship,,,29/09/2026 00:52
98b9f61f-b6d7-464d-af69-0d13e79fb61f,yale.land,available,5.98,54.98,high,low,4,namecheap,,,25/09/2026 05:27
32d6cb73-534b-4069-b193-1b94140a98a4,jehovah.land,available,5.98,54.98,high,low,7,namecheap,,,
881f33fd-2e17-459d-8f40-7e652cb61ef5,compelled.land,available,15.99,41.99,low,low,9,namesilo,,,28/09/2026 23:06
d5f5576e-fd2c-4985-bc49-0560280e7c0a,landowner.land,available,32.2,32.2,high,low,9,cloudflare,,,01/10/2026 02:50
2ade000c-0126-4078-87aa-c13dcfef027e,bloomington.land,available,15.99,41.99,medium,low,11,namesilo,,,27/09/2026 08:15
3317086b-8e56-41e2-863c-e7641f073751,laughing.land,available,15.99,41.99,high,low,8,namesilo,,,25/09/2026 16:41
97458638-abee-46ad-a8a9-68cb63df2e23,nervy.land,available,5.98,54.98,medium,low,5,namecheap,,,11/08/2026 02:28
91609d02-41b7-4b0a-a0a6-788569083a6f,gerd.land,available,5.98,54.98,high,low,4,namecheap,,,30/09/2026 13:04
c5f36111-a370-42d0-a75e-f68750551a4a,early.land,available,5.98,54.98,high,low,5,namecheap,,,24/09/2026 12:57
80058c05-fcde-462c-9efe-b623b4a8b297,decorative.land,available,5.98,54.98,high,low,10,namecheap,,,13/08/2026 02:51
6d18c018-8ac5-44a3-b238-44235c3c3c37,mindanao.land,available,8.78,34.46,medium,low,8,dynadot,,,28/09/2026 10:28
f0e0133a-83bd-480c-88db-0527f88a8810,cbo.land,available,32.2,32.2,high,low,3,cloudflare,,,30/09/2026 04:30
d381660b-99a6-49e8-b390-5b7a20e75627,aliens.land,resell,,,high,low,6,Dynadot Inc,30/06/2026 22:42,30/06/2027 22:42,26/09/2026 03:47
1c3d635d-40c4-460b-a2a3-aa6a9824d5bb,pedagogic.land,available,5.98,54.98,medium,low,9,namecheap,,,08/09/2026 12:15
5c611776-8b29-49ee-872f-29b43a7135a9,carlton.land,available,15.99,41.99,high,low,7,namesilo,,,25/09/2026 15:21
24f9d41b-e15c-404c-a491-5ca0228fd8d3,stahl.land,available,15.99,41.99,high,low,5,namesilo,,,29/09/2026 11:00
64ad8c26-9cf1-4883-ba10-e4fc2c7f29cf,bless.land,available,32.2,32.2,high,low,5,cloudflare,,,30/09/2026 15:45
dcc334c8-9800-48c7-b61a-5e8df9f90100,voidable.land,available,5.98,54.98,medium,low,8,namecheap,,,09/09/2026 14:47
b8c913d4-0955-4a4a-98fc-0017b86c968d,gina.land,available,15.99,41.99,high,low,4,namesilo,,,27/09/2026 17:32
c4073603-e8a7-4c5e-bdd6-8904852a6a28,guaranteed.land,available,15,,high,low,10,unstoppable,,,28/09/2026 04:50
9103eb3f-5066-4f11-8ce4-b54766e4ec64,while.land,available,5.38,33.32,high,low,5,spaceship,,,30/09/2026 14:40
5c56cb64-1d2b-4298-bb9c-f1b59f7b17d2,mucose.land,available,5.98,54.98,medium,low,6,namecheap,,,03/09/2026 10:16
8b7ad4d4-8fb0-4aea-9347-e00881e82517,soar.land,available,5.38,33.32,high,low,4,spaceship,,,01/10/2026 03:34
4d127676-db3c-477c-8538-3a771e8f87e0,remind.land,available,5.98,54.98,high,low,6,namecheap,,,24/09/2026 20:14
1d9fe9c2-6967-4756-b003-390ae65b37ee,malformed.land,available,5.98,54.98,medium,low,9,namecheap,,,13/08/2026 23:43
74495f32-8d5d-46f9-8dd6-1427b81dc067,immovable.land,available,5.98,54.98,high,low,9,namecheap,,,21/08/2026 21:17
d396001b-0534-4b0f-bbd9-f3c1db2391ef,terrace.land,available,5.38,33.32,high,low,7,spaceship,,,28/09/2026 20:08
3717f585-c548-4715-a903-d93e517c79ad,nsa.land,available,5.98,54.98,high,low,3,namecheap,,,27/09/2026 04:50
6b3c645f-eade-4561-b681-5b024771173c,musset.land,available,15.99,41.99,medium,low,6,namesilo,,,18/09/2026 06:29
f652ebc3-b2c6-4af6-a9d3-629aa7e2e303,contacts.land,premium,260,260,medium,low,8,namecheap,,,19/09/2026 20:06
1bf6002c-8efa-4c90-98c1-738633c15024,wavering.land,available,5.98,54.98,medium,low,8,namecheap,,,13/09/2026 00:41
cb2abc3c-4184-480c-93ce-3a9b9624658b,turku.land,available,8.78,34.46,medium,low,5,dynadot,,,30/09/2026 20:48
1cb51dad-1cb0-43d3-a6a9-b0054b550345,missionaries.land,available,15.99,41.99,medium,low,12,namesilo,,,30/09/2026 15:09
da2ae8a1-e49a-4a1e-a6ee-576ec13a8620,autogiro.land,available,5.98,54.98,medium,low,8,namecheap,,,21/09/2026 06:22
d2d9d136-f14c-4a5f-b0b3-be4f9d6c6d3d,wilcox.land,available,15.99,41.99,medium,low,6,namesilo,,,27/09/2026 01:45
d3bdcd53-a92a-409c-b3ea-dbc014f0abe0,honest.land,resell,,,high,low,6,Dynadot Inc,10/05/2026 15:19,10/05/2027 15:19,26/09/2026 06:42
550cd23d-4557-4216-a2de-b2297aeb8720,heavyset.land,available,5.98,54.98,medium,low,8,namecheap,,,21/08/2026 05:31
9cae6865-125c-45ed-9e73-38607013cce6,yourselves.land,available,19.99,,medium,low,10,name.com,,,
3933410f-5237-4cca-b845-3bd463bb86fd,malian.land,available,5.98,54.98,high,low,6,namecheap,,,24/08/2026 14:00
23a9c1af-cd0a-4c6a-b807-94bc951e9140,liege.land,available,5.98,54.98,medium,low,5,namecheap,,,18/08/2026 03:03
15c4c034-3c79-471c-8518-b1579d80c555,violate.land,available,5.38,33.32,medium,low,7,spaceship,,,28/09/2026 13:36
90f2dbdb-3629-4b3f-aa0f-9a827e89cb0c,antivenin.land,available,15.99,41.99,medium,low,9,namesilo,,,19/09/2026 15:16
a2b9c67a-21e1-4507-8dfd-00c6bcc58613,blabby.land,available,5.98,54.98,low,low,6,namecheap,,,09/08/2026 21:03
eab65da6-94c3-4a60-893a-97b06f2d8e1e,sybarite.land,available,5.98,54.98,medium,low,8,namecheap,,,13/09/2026 07:15
0f1b8595-7e3a-4f52-9756-cc5cdc993fe6,tripped.land,available,15.99,41.99,medium,low,7,namesilo,,,01/10/2026 00:50
ae9638f9-2347-4674-871d-5d164fd02fd0,aerial.land,available,5.98,54.98,high,low,6,namecheap,,,
c897f049-bbed-4291-8e26-7c4e2ed09288,llp.land,premium,118.8,118.8,high,low,3,namesilo,,,
75d50d43-b6a7-40e4-acbb-0e6a69e29d4c,anil.land,available,5.98,54.98,high,low,4,namecheap,,,22/08/2026 03:03
40c3d188-3845-43bf-b00b-6628580ad9f6,steadying.land,available,5.98,54.98,medium,low,9,namecheap,,,10/09/2026 19:39
17d63264-7865-472c-8507-2eef1967e136,limply.land,available,5.98,54.98,medium,low,6,namecheap,,,15/09/2026 12:20
1135db4b-f522-43b7-a86e-8153456c070e,violence.land,available,15.99,41.99,high,low,8,namesilo,,,27/09/2026 03:55
d902bf9d-30fb-4d62-886c-c7c7135ce32d,lessons.land,available,5.98,54.98,medium,low,7,namecheap,,,25/09/2026 19:53
4b365101-3778-4e86-8a6b-067f70d2fbd7,conway.land,available,15.99,52.99,high,low,6,name.com,,,25/09/2026 21:36
31223226-27de-42d7-bcf5-afa265138174,herman.land,available,5.38,33.32,high,low,6,spaceship,,,28/09/2026 02:07
3f459f20-77d0-421d-bd62-cbc6f725a98e,corrigan.land,available,8.78,34.46,medium,low,8,dynadot,,,29/09/2026 15:41
e0e1fc73-f008-42d3-9903-dad33c763ff1,spangly.land,available,5.98,54.98,medium,low,7,namecheap,,,18/08/2026 21:20
309e48b9-fb06-4a68-ab77-e37346c49d82,chicness.land,available,5.98,54.98,medium,low,8,namecheap,,,12/08/2026 04:44
71df6081-4ec7-480b-8e4a-13411e2b9e32,sleek.land,available,5.98,54.98,high,low,5,namecheap,,,18/08/2026 09:13
0df3d67e-fd10-4a5b-a2a8-140be0bf22fd,imprisoned.land,available,5.98,54.98,medium,low,10,namecheap,,,11/08/2026 18:22
83d15f63-3aac-4783-948f-60cacebfb97f,creditably.land,available,5.98,54.98,medium,low,10,namecheap,,,14/09/2026 09:30
88d921bb-784b-41eb-8602-49214cc696e5,bedpan.land,available,15.99,41.99,high,low,6,namesilo,,,22/09/2026 23:28
24fbadba-7af6-4679-bf0d-371d33c1e179,illusory.land,available,5.98,54.98,medium,low,8,namecheap,,,21/08/2026 20:15
5134ce01-906d-4a3b-b67b-e58fe9035019,coherent.land,available,5.98,54.98,high,low,8,namecheap,,,12/08/2026 16:00
14385769-bd74-4d21-82d5-24e67dfa3ceb,basket.land,available,5.98,54.98,high,low,6,namecheap,,,29/09/2026 01:26
bc1bbaef-ca40-4ec5-b56b-14d188f6781a,alimony.land,available,32.2,32.2,medium,low,7,cloudflare,,,28/09/2026 20:27
28d13357-9a31-407b-88cd-0b7325459618,experient.land,available,5.98,54.98,medium,low,9,namecheap,,,17/08/2026 18:12
5b26fc82-2f59-495f-aab5-561c22337fe7,vocative.land,available,5.98,54.98,medium,low,8,namecheap,,,13/09/2026 06:31
0674b5ed-369f-423a-98fc-a88675390d69,emotional.land,available,5.98,54.98,high,low,9,namecheap,,,16/08/2026 15:56
43d9df39-5135-49cd-8f19-2e275becb308,combustion.land,available,5.98,54.98,high,low,10,namecheap,,,11/08/2026 10:57
f5219f20-2118-4837-ac84-0b6db01ae256,ossified.land,available,5.98,54.98,medium,low,8,namecheap,,,18/08/2026 13:15
5e378e5d-e88b-4ecd-9f7f-1bfe91c2a305,spareribs.land,available,15.99,41.99,high,low,9,namesilo,,,22/09/2026 04:41
6f88d81d-3568-4406-b578-872063888421,steroidal.land,available,5.98,54.98,medium,low,9,namecheap,,,10/09/2026 20:19
4dd245e5-55c0-451b-8fe9-07f6f7b1e262,louvain.land,available,15,,medium,low,7,unstoppable,,,30/09/2026 05:07
d5f8865d-cf7e-42aa-8563-a55b5011f1f7,bistre.land,available,5.98,54.98,medium,low,6,namecheap,,,23/09/2026 22:12
79d3dbcf-5c7c-4d4a-98c9-a295322f8a66,neill.land,available,15.99,41.99,medium,low,5,namesilo,,,28/09/2026 23:29
c5caafeb-8e26-44ac-ad2f-8a52d623c555,retracted.land,available,32.2,32.2,medium,low,9,cloudflare,,,27/09/2026 13:32
7fdbbdac-6717-4d5a-ba66-e1cdc805d82a,basal.land,available,5.98,54.98,medium,low,5,namecheap,,,08/08/2026 21:24
1ea5c3fb-f997-4d97-8dc4-882c819c8ba3,casualties.land,available,32.2,32.2,medium,low,10,cloudflare,,,27/09/2026 21:53
5898156a-d689-4f23-ba8b-396097fca0ec,exceeding.land,available,5.98,54.98,high,low,9,namecheap,,,17/08/2026 15:59
c7c626c9-a668-45cf-834c-e92de9ea78d3,maitland.land,available,15.99,41.99,medium,low,8,namesilo,,,28/09/2026 01:57
98ca9f0b-6587-4f6b-aeb8-c3b0bd9daea5,ferrous.land,available,5.98,54.98,medium,low,7,namecheap,,,18/08/2026 02:09
689388eb-abc4-4db9-93a3-05ce1c3b8ddb,trails.land,available,15.99,41.99,medium,low,6,namesilo,,,29/09/2026 11:32
f4892bc7-f10b-4a26-8ccf-5ea094939020,abkhazian.land,available,5.98,54.98,medium,low,9,namecheap,,,
cdf70fe2-dd7f-4aeb-b5a8-cd295ef80ee5,tailor.land,available,32.2,32.2,high,low,6,cloudflare,,,28/09/2026 10:52
d79fbee5-ad81-44bc-b47c-e3357c63c75f,speedily.land,available,5.98,54.98,medium,low,8,namecheap,,,13/09/2026 20:19
431a5da3-e3e5-4dad-b057-eed79f69141b,unsubtle.land,available,5.98,54.98,medium,low,8,namecheap,,,12/09/2026 20:46
13910b1e-9f0f-4c6d-92c9-4c39c51eccb7,averages.land,available,5.38,33.32,medium,low,8,spaceship,,,01/10/2026 00:38
a9515408-9661-42b7-bdc8-1a86424d3ea7,coded.land,available,5.38,33.32,high,low,5,spaceship,,,30/09/2026 04:05
71dfd33c-a983-4478-acb6-ca8c2f6fcd7e,transmissions.land,available,8.75,33.47,medium,low,13,porkbun,,,29/09/2026 17:50
254af7c9-d6a6-40d5-bb14-91921584b1e2,commerce.land,premium,242,242,high,low,8,namesilo,,,01/10/2026 01:08
d0449e06-8221-4714-9f6a-3deea8908574,fiscal.land,available,15.99,41.99,high,low,6,namesilo,,,19/09/2026 10:22
69145629-922d-4585-8423-4c0dff6f063e,add.land,premium,102.67,102.67,high,low,3,spaceship,,,28/09/2026 18:19
f461dda4-00f2-491c-8c2e-4eef83b0f375,woollen.land,available,5.98,54.98,high,low,7,namecheap,,,13/09/2026 13:15
e7d15be4-ecda-464e-b6f0-f22fb284f7c3,tamar.land,available,15.99,41.99,medium,low,5,namesilo,,,29/09/2026 15:34
c6488a66-5a4c-431b-93bb-51c3696d7203,ayrshire.land,available,5.98,54.98,high,low,8,namecheap,,,21/09/2026 10:44
ef471d42-66ae-4876-b7e3-ccc4a19ddb03,balata.land,available,5.98,54.98,medium,low,6,namecheap,,,21/09/2026 21:12
e6a7cee1-b98c-49ec-b5b8-59a2b5c236b1,advertising.land,available,15.99,41.99,high,low,11,namesilo,,,01/10/2026 02:54
6462a1de-6010-479b-bc6d-ff021f51ee10,worrying.land,available,5.98,54.98,medium,low,8,namecheap,,,14/08/2026 13:23
e56c8afd-e917-496a-aa72-58d0f33ce5ae,branded.land,available,15.99,41.99,high,low,7,namesilo,,,30/09/2026 02:23
781992aa-a216-4e9e-8607-c9f6fa7d89fe,explains.land,available,5.98,54.98,medium,low,8,namecheap,,,19/09/2026 21:05
989d48a1-8008-4866-8c4a-95bf8d1df52d,insurer.land,available,5.38,33.32,high,low,7,spaceship,,,01/10/2026 02:41
ea51cc0e-4852-41e3-8525-5919082131ad,beforehand.land,available,5.98,54.98,medium,low,10,namecheap,,,09/08/2026 08:51
48ba8b94-05bd-412e-a10a-ebd8dfd6b225,subject.land,available,5.98,54.98,high,low,7,namecheap,,,03/09/2026 13:38
f48b03a6-ae34-4eaa-b625-63a88a2d9ed9,thesis.land,available,5.98,54.98,high,low,6,namecheap,,,24/09/2026 23:05
be8248f5-02ef-4584-ad94-2e4ba7f42910,barrage.land,available,15.99,41.99,medium,low,7,namesilo,,,22/09/2026 07:57
3bd11ebb-1b70-4f28-8d5f-33cbccadc591,profitable.land,available,15.99,41.99,high,low,10,namesilo,,,27/09/2026 07:05
8fa4501e-5a23-4e62-ab62-8f34131cab62,untucked.land,available,5.98,54.98,medium,low,8,namecheap,,,12/09/2026 21:50
14e51014-f436-4367-a4f8-9d16882ef288,rivalry.land,available,5.38,33.32,high,low,7,spaceship,,,29/09/2026 20:12
b5631265-a01f-49b4-beeb-6177dd79b444,booker.land,available,5.38,33.32,high,low,6,spaceship,,,30/09/2026 00:51
6ed8a169-a5cc-4c26-94ce-bc79fdf4797d,musts.land,available,15.99,41.99,medium,low,5,namesilo,,,19/09/2026 21:45
70458cf0-4b68-4c4b-b9a2-5a5b2d8517ee,fizzing.land,available,5.98,54.98,medium,low,7,namecheap,,,18/08/2026 06:02
4b8201c7-b2ad-4507-bfac-a668374332b8,slug.land,available,15.99,41.99,high,low,4,namesilo,,,23/09/2026 13:52
1cc76ceb-8eee-46c0-bafb-2a24a635ff41,mileage.land,available,5.98,54.98,high,low,7,namecheap,,,29/09/2026 12:25
2bd220ac-f024-491b-af2b-e8a5cc7a22f7,rochdale.land,available,15,,medium,low,8,unstoppable,,,29/09/2026 09:50
eef7486f-50bb-4ad3-b229-3aee6a940fc6,formula.land,available,15.99,41.99,high,low,7,namesilo,,,28/09/2026 08:04
e4ae187c-6503-492d-aed8-25cb979083bd,sharing.land,available,8.78,34.46,high,low,7,dynadot,,,27/09/2026 20:29
16ed2085-dfa8-4b36-a397-8fcdaceb4bc5,assigning.land,available,15.99,41.99,medium,low,9,namesilo,,,20/09/2026 16:26
657c3da3-460a-4500-8e22-66ff10183dfe,nang.land,available,5.38,33.32,high,low,4,spaceship,,,30/09/2026 19:24
c0722981-ae08-4539-8475-e6712815636b,graphic.land,resell,,,high,low,7,"GoDaddy.com, LLC",01/09/2018 13:09,01/09/2027 13:09,28/09/2026 05:58
cad65df5-f84d-4509-ab2e-f83781ce7937,ourselves.land,available,15.99,41.99,medium,low,9,namesilo,,,27/09/2026 08:55
2e9b4c5f-f042-4a47-8896-c11d6322e80e,formulaic.land,available,5.98,54.98,medium,low,9,namecheap,,,18/08/2026 12:18
be422dd6-2ff1-4171-ac24-5a338f0b17b9,briss.land,available,15.99,41.99,medium,low,5,namesilo,,,23/09/2026 09:30
57e415be-763b-41b0-8d44-e2c65981ba4c,bitty.land,available,5.98,54.98,high,low,5,namecheap,,,10/08/2026 07:51
b8b3bd0c-6b6a-4bcd-adde-6acf34b56a75,remembered.land,available,15.99,41.99,high,low,10,namesilo,,,17/09/2026 12:04
a3740ff2-7d8c-47fb-86e3-888864f3fe15,sextuple.land,available,5.98,54.98,medium,low,8,namecheap,,,10/09/2026 05:19
bee0877a-0356-4342-b47a-0dcaeb3cc048,afternoons.land,available,5.98,54.98,medium,low,10,namecheap,,,29/09/2026 10:29
da1e3a55-3367-4f34-a9d2-7e8f244da496,wrongful.land,available,8.78,34.46,medium,low,8,dynadot,,,28/09/2026 11:11
8f5be541-d553-48b9-998c-aad10cbe26ad,attractor.land,available,15.99,41.99,high,low,9,namesilo,,,21/09/2026 02:12
3b39832d-b903-4388-8f3b-1e55369e76bd,stains.land,available,15.99,41.99,medium,low,6,namesilo,,,29/09/2026 22:47
918a0a4a-f854-4478-8d76-c94943b10f0b,lollipop.land,available,15.99,41.99,high,low,8,namesilo,,,18/09/2026 08:50
07fc7b15-6541-47cd-8606-372526055f30,abi.land,available,5.38,33.32,high,low,3,spaceship,,,29/09/2026 03:38
341a46fe-f876-49cb-826f-87c761f37c64,timetables.land,available,15.99,41.99,medium,low,10,namesilo,,,20/09/2026 12:23
5845e3af-a8f9-4c07-95e1-8872ef707726,georges.land,available,5.98,54.98,medium,low,7,namecheap,,,25/09/2026 15:05
a97edd5c-7d74-4696-a4bc-e11d7b91d632,torso.land,available,5.98,54.98,high,low,5,namecheap,,,29/09/2026 08:14
c0d75070-3c04-4ec3-a667-3ff3a0f70237,anchorage.land,available,15.99,41.99,high,low,9,namesilo,,,19/09/2026 03:43
9858bbdc-1234-4b43-a7d1-fd00b811cafc,banshee.land,available,15.99,41.99,high,low,7,namesilo,,,22/09/2026 03:09
d4e5ddae-f746-4edc-9050-aea1d07da64f,kvetch.land,available,5.98,54.98,medium,low,6,namecheap,,,08/09/2026 20:36
22dba5a8-0d4c-4777-8add-36d250b7a3f2,doctors.land,available,15.99,41.99,high,low,7,namesilo,,,18/09/2026 07:41
ed22700c-4fa8-45f6-863c-b6564ad183b6,marston.land,available,8.78,34.46,medium,low,7,dynadot,,,28/09/2026 16:09
0cf54f73-f837-4959-a706-b733624957b9,unorthodox.land,available,5.98,54.98,high,low,10,namecheap,,,24/08/2026 17:44
396da92d-791c-40c9-bf28-376f46559d3f,sponge.land,available,5.98,54.98,high,low,6,namecheap,,,11/08/2026 09:32
efa4aadb-14ef-4bfb-9ef0-7363d46ce5cf,heard.land,available,5.98,54.98,high,low,5,namecheap,,,24/09/2026 23:38
2ddc8d17-dcc8-49e6-b2d1-73681f797c23,adapted.land,available,5.98,54.98,high,low,7,namecheap,,,21/09/2026 17:02
bc58acc9-7002-4ea9-b99f-44b44ecdcd91,apothegm.land,available,15.99,41.99,medium,low,8,namesilo,,,19/09/2026 17:10
0ab4ce23-489c-475a-96df-86cf4f7cc1ec,numerical.land,available,5.98,54.98,high,low,9,namecheap,,,03/09/2026 22:52
df742194-032f-4d15-b749-7616439681b3,quincy.land,available,15.99,41.99,high,low,6,namesilo,,,28/09/2026 10:11
54add980-153d-4f4c-8f69-41224900ff0c,hoped.land,available,15.99,41.99,medium,low,5,namesilo,,,27/09/2026 02:59
2694dd3a-5758-4b8b-b05a-8ac36ce92c7a,weighted.land,available,5.98,54.98,high,low,8,namecheap,,,13/09/2026 10:08
bd78971b-e0b0-46bf-8d5a-2808d10beb81,asterion.land,available,15.99,41.99,medium,low,8,namesilo,,,20/09/2026 17:10
6544a844-3791-4fdb-81ae-1c3be2962b48,ephesian.land,available,5.98,54.98,medium,low,8,namecheap,,,17/08/2026 10:24
259ed517-437d-4f08-804a-1e4ff8f27e0c,bacca.land,available,5.98,54.98,high,low,5,namecheap,,,21/09/2026 13:55
aee88a1e-45bf-4c67-8247-3972aaa9746d,occupational.land,available,32.2,32.2,medium,low,12,cloudflare,,,29/09/2026 03:01
1729105a-3fa4-45de-afb7-0dcdaa2ef8fb,abdomen.land,available,5.98,54.98,high,low,7,namecheap,,,16/09/2026 14:45
996a123e-5e7c-46b7-9b6e-fed0e8e53c5e,reversible.land,available,8.75,33.47,high,low,10,porkbun,,,27/09/2026 14:17
6fe93079-c0dc-4882-8f46-ffd52f1fa85e,tiresome.land,available,5.98,54.98,medium,low,8,namecheap,,,10/08/2026 20:03
6594a001-9f73-4dec-8495-a78335aaad97,thunderous.land,available,15.99,52.99,medium,low,10,name.com,,,13/08/2026 19:56
24182b8a-8fc1-486c-8e88-9aa6204ad33e,cork.land,available,5.38,33.32,high,low,4,spaceship,,,29/09/2026 00:12
94dcc01e-c0b5-453a-8d92-2b601b3edea0,undaunted.land,available,5.98,54.98,high,low,9,namecheap,,,12/09/2026 07:00
bf3f4a52-40d7-4577-b246-8f755cebe65b,pork.land,available,15.99,41.99,high,low,4,namesilo,,,26/09/2026 00:07
30135c2e-49b1-4186-9717-b36e409382be,congressional.land,available,32.2,32.2,medium,low,13,cloudflare,,,29/09/2026 09:00
e4df14f2-d92b-44c5-913b-4f01b9fa36b9,azonic.land,available,5.98,54.98,medium,low,6,namecheap,,,08/08/2026 02:32
686a841d-2c16-435d-bca0-e173a1c39fda,tidal.land,available,5.98,54.98,high,low,5,namecheap,,,11/09/2026 15:34
57bb3394-8f2e-40b6-bf9f-22afb9ae97e7,selfmade.land,available,5.98,54.98,high,low,9,namecheap,,,10/09/2026 02:03
a836129a-b417-49f0-a46d-b96ebdde315f,gracile.land,available,5.98,54.98,high,low,7,namecheap,,,20/08/2026 17:29
9c25833c-c4f8-4295-a8ff-caa507d9ff73,whip.land,available,32.2,32.2,high,low,4,cloudflare,,,28/09/2026 11:01
c546c57f-14ce-4615-a09b-4998b4553e7d,excellence.land,available,15.99,41.99,high,low,10,namesilo,,,29/09/2026 06:50
71f5d7fb-9859-4166-b4d6-49af470d6f87,didrikson.land,available,5.98,54.98,high,low,9,namecheap,,,21/09/2026 12:34
76a9b0b1-07b0-4a62-931f-59b4fe8899b2,brandeis.land,available,5.38,33.32,medium,low,8,spaceship,,,28/09/2026 08:12
17adafb3-6e11-4481-878c-fb94fb56e8c3,fremantle.land,available,5.38,33.32,high,low,9,spaceship,,,29/09/2026 23:48
8d875e7d-8746-4b2f-b7f3-71fed65bf906,conclusive.land,available,5.98,54.98,high,low,10,namecheap,,,23/09/2026 19:11
4250ff53-f901-4797-a364-d866bc98c880,epochal.land,available,5.98,54.98,medium,low,7,namecheap,,,17/08/2026 11:24
7a18decf-b767-43a0-9297-fceb14ace0d8,link.land,resell,,,high,medium,4,"Spaceship, Inc.",08/01/2021 15:23,08/01/2027 15:23,29/09/2026 10:12
7e492537-45d7-43db-b3ab-7da867c40524,monition.land,available,15.99,41.99,medium,low,8,namesilo,,,17/09/2026 09:04
a202ddae-433d-4efb-81d6-9621dd038833,hatching.land,available,8.78,34.46,high,low,8,dynadot,,,01/10/2026 01:37
37678a32-d89a-4905-8e55-93426d05d8aa,entirety.land,available,5.38,33.32,high,low,8,spaceship,,,29/09/2026 18:15
e71517f2-2c8c-4d24-9e50-92bd7f523960,prove.land,available,5.98,54.98,high,low,5,namecheap,,,30/09/2026 02:36
602eea19-dc21-4de5-a7e3-42ce6a54ba83,pasted.land,available,5.98,54.98,high,low,6,namecheap,,,20/08/2026 15:14
b505eafb-9a20-49b4-8a74-9c25f668cc84,earthen.land,available,5.98,54.98,high,low,7,namecheap,,,14/08/2026 22:38
92b306c4-1afd-46e7-85be-e07a38717d58,fail.land,premium,102.67,102.67,medium,low,4,spaceship,,,29/09/2026 19:36
f9050f3c-b8c4-4e60-932b-845af9c27f2b,cabbage.land,available,5.38,33.32,high,low,7,spaceship,,,29/09/2026 03:24
35ab7ea8-2585-42bf-a0ed-5e5f3da997bd,bonney.land,available,15.99,41.99,high,low,6,namesilo,,,23/09/2026 16:28
cea937ef-f0d6-4597-981e-6f8f37acea43,factitious.land,available,5.98,54.98,medium,low,10,namecheap,,,17/08/2026 20:27
c10e927d-c9ad-4625-82b5-7db80aabae44,housewife.land,available,15,,high,low,9,unstoppable,,,29/09/2026 01:18
d7995a43-617d-440d-b427-1ca69a0da2d8,superheroes.land,available,15.99,41.99,medium,low,11,namesilo,,,21/09/2026 05:42
0ab2fbaf-8379-4581-ad0b-33ae7c31ce26,polyvalent.land,available,5.98,54.98,medium,low,10,namecheap,,,08/09/2026 23:35
d1d384f2-85bd-4d0f-be52-38e1485cadde,amherst.land,available,15.99,41.99,high,low,7,namesilo,,,25/09/2026 12:38
0c8576a9-c20a-40e4-b883-2767b3f620ae,pictures.land,premium,400.5,512,high,low,8,unstoppable,,,29/09/2026 19:18
547a2d92-532e-42a8-84af-a44959c6a10c,civilly.land,available,5.98,54.98,medium,low,7,namecheap,,,14/09/2026 06:57
25561e74-91e9-4411-9954-689016abf158,legible.land,available,5.98,54.98,high,low,7,namecheap,,,22/08/2026 22:59
c8398f61-40e8-47a6-ba00-7faa9dd11536,yates.land,available,15.99,41.99,high,low,5,namesilo,,,25/09/2026 16:03
8ed8e83a-3f60-4861-a102-ed9103010cb4,shenzhen.land,premium,118.8,118.8,medium,low,8,namesilo,,,29/09/2026 04:19
67a0059a-c221-4d2c-b7f3-eba6f3aaa152,doubter.land,available,5.98,54.98,medium,low,7,namecheap,,,
368539a0-4296-48a6-8d14-ebcfbe19fe75,benighted.land,available,5.98,54.98,low,low,9,namecheap,,,08/09/2026 09:10
cd1d64a8-162c-49db-893d-016411289188,mandioca.land,available,15.99,41.99,medium,low,8,namesilo,,,23/09/2026 22:54
90d9ab4d-c9b6-4ff1-819f-9991a9f8c561,bossy.land,available,5.98,54.98,medium,low,5,namecheap,,,07/08/2026 19:35
b45c0980-6a93-41a6-a64f-f577c30be762,adroitly.land,available,5.98,54.98,medium,low,8,namecheap,,,13/09/2026 17:25
17ec5147-1aa0-4f0d-bfd9-ed1731c395e2,studio.land,resell,,,high,medium,6,"GoDaddy.com, LLC",05/12/2015 00:35,05/12/2027 00:35,26/09/2026 09:22
95b9ecd7-e931-4b58-bb80-49397e9a6920,fevered.land,available,5.98,54.98,medium,low,7,namecheap,,,18/08/2026 03:07
944d381e-59a8-4e73-b026-851e7843b227,memoirs.land,available,8.75,33.47,medium,low,7,porkbun,,,30/09/2026 06:59
91c3eea8-a8ee-42bf-863e-fb60bcf97664,heat.land,available,15,,high,low,4,unstoppable,,,29/09/2026 18:19
578a309d-e487-442a-a8b8-27f942ed56f7,assiduous.land,available,5.98,54.98,medium,low,9,namecheap,,,07/08/2026 06:09
90665c3e-44d1-4a68-b9ec-cfc06608e9e5,atop.land,available,32.2,32.2,medium,low,4,cloudflare,,,28/09/2026 13:10
6303da7f-f280-4b51-8423-8d089745b53a,connective.land,available,5.98,54.98,high,low,10,namecheap,,,12/08/2026 22:16
c7b738b4-41e3-45f9-abac-c66dae99fb15,aerophile.land,available,15.99,41.99,medium,low,9,namesilo,,,17/09/2026 13:12
af065393-a90d-47b6-a1ac-4290faaa740e,horrify.land,available,15.99,41.99,medium,low,7,namesilo,,,18/09/2026 01:56
c8088783-0b64-471b-9fd3-5f07467f94af,ricketts.land,available,15.99,41.99,medium,low,8,namesilo,,,30/09/2026 05:23
8def5896-ccee-4b6f-b38f-f947df6b75d1,umm.land,available,15,,high,low,3,unstoppable,,,29/09/2026 21:18
fd686e93-f625-4fd8-9c48-6a2f69b3fa3d,jericho.land,available,5.38,33.32,high,low,7,spaceship,,,30/09/2026 10:18
86868a17-46a4-4614-a0cb-42bc6e220ee9,mellowly.land,available,5.98,54.98,medium,low,8,namecheap,,,24/08/2026 19:31
6f9567d6-c5ad-4ffa-9c17-b80bcad693cf,stoically.land,available,15.99,41.99,medium,low,9,namesilo,,,16/09/2026 07:14
a1f6b4ff-4bf1-4485-9a42-c1a74c26a936,antoninus.land,available,15.99,41.99,medium,low,9,namesilo,,,19/09/2026 15:34
c194d692-ee9e-4c1c-80d0-1c38910cd1f8,internets.land,available,15,,medium,low,9,unstoppable,,,28/09/2026 02:35
1b90b7b6-10ab-4dad-9485-473d1a9e2f83,wiccan.land,available,5.98,54.98,medium,low,6,namecheap,,,13/09/2026 11:46
0fae05ea-930b-42a3-a3fc-3e7ea0f4710c,beira.land,available,15.99,41.99,medium,low,5,namesilo,,,23/09/2026 04:20
b7dc9ec1-0f15-4051-9695-39c4b450964d,gillespie.land,available,15.99,41.99,high,low,9,namesilo,,,25/09/2026 04:55
03247d55-43ba-4e03-9eea-624c3eaabd03,privily.land,available,5.98,54.98,medium,low,7,namecheap,,,15/09/2026 21:31
d29d8d11-73f4-4af0-8b56-22f0f4be9e24,gorgeous.land,available,15.99,41.99,high,low,8,namesilo,,,24/09/2026 22:48
d209237d-02df-4db2-9e8d-ae5a625236a0,encircled.land,available,5.98,54.98,medium,low,9,namecheap,,,16/08/2026 22:19
9cf8bb16-65f9-49c5-b997-2df16bba8982,sweetish.land,available,5.98,54.98,medium,low,8,namecheap,,,11/09/2026 05:36
6fd1c840-22a4-42f4-9fd6-a4834312f60e,matilda.land,available,15,,high,low,7,unstoppable,,,29/09/2026 03:20
68a1ef25-21c6-4157-8b11-2d7ebd1719f9,paranormal.land,available,5.98,54.98,high,low,10,namecheap,,,17/08/2026 19:25
54a3498b-327f-4985-817d-0ebd54cfc78c,needles.land,available,32.2,32.2,medium,low,7,cloudflare,,,29/09/2026 08:51
78e00a96-2aff-44c7-a29c-cc74e98b5724,wisdoms.land,available,5.98,54.98,medium,low,7,namecheap,,,21/09/2026 10:19
1dd1c2bd-1be7-4f53-a4e0-bac32fa8e2d3,faker.land,available,5.98,54.98,medium,low,5,namecheap,,,09/09/2026 05:01
6d1bd2a3-0aa1-4a24-bd29-70510dc84da5,skiing.land,available,5.38,33.32,high,low,6,spaceship,,,28/09/2026 10:57
1d54264d-5cb3-453e-aab8-7a4c8191496d,settlement.land,premium,34.36,34.36,high,low,10,spaceship,,,28/09/2026 01:43
e14f12a0-5399-44e2-a81e-c586274832bf,zodiacal.land,available,5.98,54.98,medium,low,8,namecheap,,,13/09/2026 15:23
508b45d8-a853-4b62-a5ea-33ef438a0044,optionally.land,available,15,,medium,low,10,unstoppable,,,28/09/2026 16:29
35f3cda3-80fc-42ae-8d60-9835d7682daf,disgusting.land,available,5.98,54.98,medium,low,10,namecheap,,,14/08/2026 10:32
eec4928d-4534-46d1-8319-e210476ae55d,wittingly.land,available,5.98,54.98,medium,low,9,namecheap,,,15/09/2026 10:32
b983c2df-9c31-4d5d-bd91-a6b76321575d,solvable.land,available,5.38,33.32,high,low,8,spaceship,,,27/09/2026 12:17
51e59f90-936c-483d-aca0-24d389132ec2,platonic.land,available,5.98,54.98,high,low,8,namecheap,,,08/09/2026 20:53
15fde50e-6dd4-4f86-9b32-44dd5cc88042,lithesome.land,available,5.98,54.98,medium,low,9,namecheap,,,24/08/2026 01:12
f1affdf8-1f92-4827-8f46-eda17a81d8c9,governed.land,available,15.99,41.99,high,low,8,namesilo,,,30/09/2026 09:56
5f09026a-85f7-4a1c-bace-58c22eab1658,gleeful.land,available,5.98,54.98,high,low,7,namecheap,,,20/08/2026 14:21
8c3d8439-e9ca-4827-b19e-1a00a483b779,aeneas.land,available,15.99,41.99,medium,low,6,namesilo,,,17/09/2026 12:27
7c6fd665-8bab-4a04-ae77-23e3d7d86f55,congenital.land,available,5.98,54.98,high,low,10,namecheap,,,12/08/2026 21:40
a412038a-f93e-484c-95d5-c4e19a15b415,fragrance.land,available,8.75,33.47,high,low,9,porkbun,,,29/09/2026 18:57
19d765ee-8caa-4d9d-83d0-170a4ab35843,nourished.land,available,5.98,54.98,high,low,9,namecheap,,,03/09/2026 22:12
b0a65653-690e-47da-8eb4-ea40c8d33b76,mincing.land,available,15.99,52.99,high,low,7,name.com,,,13/08/2026 15:43
06d82b9c-02e4-4cae-a816-3ee5dbb5f885,enzo.land,available,5.98,54.98,high,low,4,namecheap,,,30/09/2026 21:18
4ca0b18a-5d5e-4bda-bce0-58e2443548c3,ambystoma.land,available,15.99,41.99,medium,low,9,namesilo,,,18/09/2026 17:36
b3b0ecfa-edf0-462d-93f8-3bb74365a324,disconnect.land,available,32.2,32.2,high,low,10,cloudflare,,,29/09/2026 15:30
aa0e469e-e195-440b-8acc-ffb0fb8dff26,aculea.land,available,15.99,41.99,low,low,6,namesilo,,,17/09/2026 05:32
10fb4e16-e79e-4433-9357-bf4b28ae0533,slyness.land,available,5.98,54.98,medium,low,7,namecheap,,,13/08/2026 10:43
5dc4b6a2-103f-489e-969c-472120c05710,lucidly.land,available,5.98,54.98,medium,low,7,namecheap,,,15/09/2026 12:12
b8af7d44-7317-4b48-aa5a-8483e9b19629,sociedad.land,available,8.78,34.46,medium,low,8,dynadot,,,29/09/2026 10:09
8cf0e2b1-35eb-47e5-94fa-d6f8b41ec21e,humbug.land,available,15.99,41.99,medium,low,6,namesilo,,,21/09/2026 23:48
f455944e-6509-4dcf-bb3d-583e370a5f3f,chemist.land,available,15.99,41.99,high,low,7,namesilo,,,19/09/2026 19:39
c2634f85-7f3c-44c9-b87b-b85532c2d19e,promoting.land,available,5.38,33.32,medium,low,9,spaceship,,,29/09/2026 10:15